Internal Server Error: /pos/cart/
Traceback (most recent call last):
  File "/home/agentflow/agentflow/myvenv/lib/python3.13/site-packages/django/core/handlers/exception.py", line 55, in inner
    response = get_response(request)
  File "/home/agentflow/agentflow/myvenv/lib/python3.13/site-packages/django/core/handlers/base.py", line 198, in _get_response
    response = wrapped_callback(request, *callback_args, **callback_kwargs)
  File "/home/agentflow/agentflow/myvenv/lib/python3.13/site-packages/django/contrib/auth/decorators.py", line 59, in _view_wrapper
    return view_func(request, *args, **kwargs)
  File "/home/agentflow/agentflow/myvenv/lib/python3.13/site-packages/django/views/decorators/http.py", line 64, in inner
    return func(request, *args, **kwargs)
  File "/home/agentflow/agentflow/sales/views.py", line 467, in get_cart
    'product_id': item.product_id,
                  ^^^^^^^^^^^^^^^
AttributeError: 'dict' object has no attribute 'product_id'
Internal Server Error: /pos/cart/
Traceback (most recent call last):
  File "/home/agentflow/agentflow/myvenv/lib/python3.13/site-packages/django/core/handlers/exception.py", line 55, in inner
    response = get_response(request)
  File "/home/agentflow/agentflow/myvenv/lib/python3.13/site-packages/django/core/handlers/base.py", line 198, in _get_response
    response = wrapped_callback(request, *callback_args, **callback_kwargs)
  File "/home/agentflow/agentflow/myvenv/lib/python3.13/site-packages/django/contrib/auth/decorators.py", line 59, in _view_wrapper
    return view_func(request, *args, **kwargs)
  File "/home/agentflow/agentflow/myvenv/lib/python3.13/site-packages/django/views/decorators/http.py", line 64, in inner
    return func(request, *args, **kwargs)
  File "/home/agentflow/agentflow/sales/views.py", line 467, in get_cart
    'product_id': item.product_id,
                  ^^^^^^^^^^^^^^^
AttributeError: 'dict' object has no attribute 'product_id'
Internal Server Error: /pos/cart/
Traceback (most recent call last):
  File "/home/agentflow/agentflow/myvenv/lib/python3.13/site-packages/django/core/handlers/exception.py", line 55, in inner
    response = get_response(request)
  File "/home/agentflow/agentflow/myvenv/lib/python3.13/site-packages/django/core/handlers/base.py", line 198, in _get_response
    response = wrapped_callback(request, *callback_args, **callback_kwargs)
  File "/home/agentflow/agentflow/myvenv/lib/python3.13/site-packages/django/contrib/auth/decorators.py", line 59, in _view_wrapper
    return view_func(request, *args, **kwargs)
  File "/home/agentflow/agentflow/myvenv/lib/python3.13/site-packages/django/views/decorators/http.py", line 64, in inner
    return func(request, *args, **kwargs)
  File "/home/agentflow/agentflow/sales/views.py", line 467, in get_cart
    'product_id': item.product_id,
                  ^^^^^^^^^^^^^^^
AttributeError: 'dict' object has no attribute 'product_id'
Internal Server Error: /pos/cart/
Traceback (most recent call last):
  File "/home/agentflow/agentflow/myvenv/lib/python3.13/site-packages/django/core/handlers/exception.py", line 55, in inner
    response = get_response(request)
  File "/home/agentflow/agentflow/myvenv/lib/python3.13/site-packages/django/core/handlers/base.py", line 198, in _get_response
    response = wrapped_callback(request, *callback_args, **callback_kwargs)
  File "/home/agentflow/agentflow/myvenv/lib/python3.13/site-packages/django/contrib/auth/decorators.py", line 59, in _view_wrapper
    return view_func(request, *args, **kwargs)
  File "/home/agentflow/agentflow/myvenv/lib/python3.13/site-packages/django/views/decorators/http.py", line 64, in inner
    return func(request, *args, **kwargs)
  File "/home/agentflow/agentflow/sales/views.py", line 467, in get_cart
    'product_id': item.product_id,
                  ^^^^^^^^^^^^^^^
AttributeError: 'dict' object has no attribute 'product_id'
Internal Server Error: /pos/cart/
Traceback (most recent call last):
  File "/home/agentflow/agentflow/myvenv/lib/python3.13/site-packages/django/core/handlers/exception.py", line 55, in inner
    response = get_response(request)
  File "/home/agentflow/agentflow/myvenv/lib/python3.13/site-packages/django/core/handlers/base.py", line 198, in _get_response
    response = wrapped_callback(request, *callback_args, **callback_kwargs)
  File "/home/agentflow/agentflow/myvenv/lib/python3.13/site-packages/django/contrib/auth/decorators.py", line 59, in _view_wrapper
    return view_func(request, *args, **kwargs)
  File "/home/agentflow/agentflow/myvenv/lib/python3.13/site-packages/django/views/decorators/http.py", line 64, in inner
    return func(request, *args, **kwargs)
  File "/home/agentflow/agentflow/sales/views.py", line 467, in get_cart
    'product_id': item.product_id,
                  ^^^^^^^^^^^^^^^
AttributeError: 'dict' object has no attribute 'product_id'
Internal Server Error: /pos/cart/
Traceback (most recent call last):
  File "/home/agentflow/agentflow/myvenv/lib/python3.13/site-packages/django/core/handlers/exception.py", line 55, in inner
    response = get_response(request)
  File "/home/agentflow/agentflow/myvenv/lib/python3.13/site-packages/django/core/handlers/base.py", line 198, in _get_response
    response = wrapped_callback(request, *callback_args, **callback_kwargs)
  File "/home/agentflow/agentflow/myvenv/lib/python3.13/site-packages/django/contrib/auth/decorators.py", line 59, in _view_wrapper
    return view_func(request, *args, **kwargs)
  File "/home/agentflow/agentflow/myvenv/lib/python3.13/site-packages/django/views/decorators/http.py", line 64, in inner
    return func(request, *args, **kwargs)
  File "/home/agentflow/agentflow/sales/views.py", line 467, in get_cart
    'product_id': item.product_id,
                  ^^^^^^^^^^^^^^^
AttributeError: 'dict' object has no attribute 'product_id'
Internal Server Error: /pos/cart/
Traceback (most recent call last):
  File "/home/agentflow/agentflow/myvenv/lib/python3.13/site-packages/django/core/handlers/exception.py", line 55, in inner
    response = get_response(request)
  File "/home/agentflow/agentflow/myvenv/lib/python3.13/site-packages/django/core/handlers/base.py", line 198, in _get_response
    response = wrapped_callback(request, *callback_args, **callback_kwargs)
  File "/home/agentflow/agentflow/myvenv/lib/python3.13/site-packages/django/contrib/auth/decorators.py", line 59, in _view_wrapper
    return view_func(request, *args, **kwargs)
  File "/home/agentflow/agentflow/myvenv/lib/python3.13/site-packages/django/views/decorators/http.py", line 64, in inner
    return func(request, *args, **kwargs)
  File "/home/agentflow/agentflow/sales/views.py", line 467, in get_cart
    'product_id': item.product_id,
                  ^^^^^^^^^^^^^^^
AttributeError: 'dict' object has no attribute 'product_id'
Internal Server Error: /pos/cart/
Traceback (most recent call last):
  File "/home/agentflow/agentflow/myvenv/lib/python3.13/site-packages/django/core/handlers/exception.py", line 55, in inner
    response = get_response(request)
  File "/home/agentflow/agentflow/myvenv/lib/python3.13/site-packages/django/core/handlers/base.py", line 198, in _get_response
    response = wrapped_callback(request, *callback_args, **callback_kwargs)
  File "/home/agentflow/agentflow/myvenv/lib/python3.13/site-packages/django/contrib/auth/decorators.py", line 59, in _view_wrapper
    return view_func(request, *args, **kwargs)
  File "/home/agentflow/agentflow/myvenv/lib/python3.13/site-packages/django/views/decorators/http.py", line 64, in inner
    return func(request, *args, **kwargs)
  File "/home/agentflow/agentflow/sales/views.py", line 467, in get_cart
    'product_id': item.product_id,
                  ^^^^^^^^^^^^^^^
AttributeError: 'dict' object has no attribute 'product_id'
Internal Server Error: /pos/cart/
Traceback (most recent call last):
  File "/home/agentflow/agentflow/myvenv/lib/python3.13/site-packages/django/core/handlers/exception.py", line 55, in inner
    response = get_response(request)
  File "/home/agentflow/agentflow/myvenv/lib/python3.13/site-packages/django/core/handlers/base.py", line 198, in _get_response
    response = wrapped_callback(request, *callback_args, **callback_kwargs)
  File "/home/agentflow/agentflow/myvenv/lib/python3.13/site-packages/django/contrib/auth/decorators.py", line 59, in _view_wrapper
    return view_func(request, *args, **kwargs)
  File "/home/agentflow/agentflow/myvenv/lib/python3.13/site-packages/django/views/decorators/http.py", line 64, in inner
    return func(request, *args, **kwargs)
  File "/home/agentflow/agentflow/sales/views.py", line 467, in get_cart
    'product_id': item.product_id,
                  ^^^^^^^^^^^^^^^
AttributeError: 'dict' object has no attribute 'product_id'
Internal Server Error: /pos/cart/
Traceback (most recent call last):
  File "/home/agentflow/agentflow/myvenv/lib/python3.13/site-packages/django/core/handlers/exception.py", line 55, in inner
    response = get_response(request)
  File "/home/agentflow/agentflow/myvenv/lib/python3.13/site-packages/django/core/handlers/base.py", line 198, in _get_response
    response = wrapped_callback(request, *callback_args, **callback_kwargs)
  File "/home/agentflow/agentflow/myvenv/lib/python3.13/site-packages/django/contrib/auth/decorators.py", line 59, in _view_wrapper
    return view_func(request, *args, **kwargs)
  File "/home/agentflow/agentflow/myvenv/lib/python3.13/site-packages/django/views/decorators/http.py", line 64, in inner
    return func(request, *args, **kwargs)
  File "/home/agentflow/agentflow/sales/views.py", line 467, in get_cart
    'product_id': item.product_id,
                  ^^^^^^^^^^^^^^^
AttributeError: 'dict' object has no attribute 'product_id'
Internal Server Error: /pos/cart/
Traceback (most recent call last):
  File "/home/agentflow/agentflow/myvenv/lib/python3.13/site-packages/django/core/handlers/exception.py", line 55, in inner
    response = get_response(request)
  File "/home/agentflow/agentflow/myvenv/lib/python3.13/site-packages/django/core/handlers/base.py", line 198, in _get_response
    response = wrapped_callback(request, *callback_args, **callback_kwargs)
  File "/home/agentflow/agentflow/myvenv/lib/python3.13/site-packages/django/contrib/auth/decorators.py", line 59, in _view_wrapper
    return view_func(request, *args, **kwargs)
  File "/home/agentflow/agentflow/myvenv/lib/python3.13/site-packages/django/views/decorators/http.py", line 64, in inner
    return func(request, *args, **kwargs)
  File "/home/agentflow/agentflow/sales/views.py", line 467, in get_cart
    'product_id': item.product_id,
                  ^^^^^^^^^^^^^^^
AttributeError: 'dict' object has no attribute 'product_id'
Internal Server Error: /pos/cart/
Traceback (most recent call last):
  File "/home/agentflow/agentflow/myvenv/lib/python3.13/site-packages/django/core/handlers/exception.py", line 55, in inner
    response = get_response(request)
  File "/home/agentflow/agentflow/myvenv/lib/python3.13/site-packages/django/core/handlers/base.py", line 198, in _get_response
    response = wrapped_callback(request, *callback_args, **callback_kwargs)
  File "/home/agentflow/agentflow/myvenv/lib/python3.13/site-packages/django/contrib/auth/decorators.py", line 59, in _view_wrapper
    return view_func(request, *args, **kwargs)
  File "/home/agentflow/agentflow/myvenv/lib/python3.13/site-packages/django/views/decorators/http.py", line 64, in inner
    return func(request, *args, **kwargs)
  File "/home/agentflow/agentflow/sales/views.py", line 467, in get_cart
    'product_id': item.product_id,
                  ^^^^^^^^^^^^^^^
AttributeError: 'dict' object has no attribute 'product_id'
Internal Server Error: /pos/cart/
Traceback (most recent call last):
  File "/home/agentflow/agentflow/myvenv/lib/python3.13/site-packages/django/core/handlers/exception.py", line 55, in inner
    response = get_response(request)
  File "/home/agentflow/agentflow/myvenv/lib/python3.13/site-packages/django/core/handlers/base.py", line 198, in _get_response
    response = wrapped_callback(request, *callback_args, **callback_kwargs)
  File "/home/agentflow/agentflow/myvenv/lib/python3.13/site-packages/django/contrib/auth/decorators.py", line 59, in _view_wrapper
    return view_func(request, *args, **kwargs)
  File "/home/agentflow/agentflow/myvenv/lib/python3.13/site-packages/django/views/decorators/http.py", line 64, in inner
    return func(request, *args, **kwargs)
  File "/home/agentflow/agentflow/sales/views.py", line 467, in get_cart
    'product_id': item.product_id,
                  ^^^^^^^^^^^^^^^
AttributeError: 'dict' object has no attribute 'product_id'
Internal Server Error: /pos/cart/
Traceback (most recent call last):
  File "/home/agentflow/agentflow/myvenv/lib/python3.13/site-packages/django/core/handlers/exception.py", line 55, in inner
    response = get_response(request)
  File "/home/agentflow/agentflow/myvenv/lib/python3.13/site-packages/django/core/handlers/base.py", line 198, in _get_response
    response = wrapped_callback(request, *callback_args, **callback_kwargs)
  File "/home/agentflow/agentflow/myvenv/lib/python3.13/site-packages/django/contrib/auth/decorators.py", line 59, in _view_wrapper
    return view_func(request, *args, **kwargs)
  File "/home/agentflow/agentflow/myvenv/lib/python3.13/site-packages/django/views/decorators/http.py", line 64, in inner
    return func(request, *args, **kwargs)
  File "/home/agentflow/agentflow/sales/views.py", line 467, in get_cart
    'product_id': item.product_id,
                  ^^^^^^^^^^^^^^^
AttributeError: 'dict' object has no attribute 'product_id'
Internal Server Error: /pos/cart/
Traceback (most recent call last):
  File "/home/agentflow/agentflow/myvenv/lib/python3.13/site-packages/django/core/handlers/exception.py", line 55, in inner
    response = get_response(request)
  File "/home/agentflow/agentflow/myvenv/lib/python3.13/site-packages/django/core/handlers/base.py", line 198, in _get_response
    response = wrapped_callback(request, *callback_args, **callback_kwargs)
  File "/home/agentflow/agentflow/myvenv/lib/python3.13/site-packages/django/contrib/auth/decorators.py", line 59, in _view_wrapper
    return view_func(request, *args, **kwargs)
  File "/home/agentflow/agentflow/myvenv/lib/python3.13/site-packages/django/views/decorators/http.py", line 64, in inner
    return func(request, *args, **kwargs)
  File "/home/agentflow/agentflow/sales/views.py", line 467, in get_cart
    'product_id': item.product_id,
                  ^^^^^^^^^^^^^^^
AttributeError: 'dict' object has no attribute 'product_id'
Internal Server Error: /core/settings/company/
Traceback (most recent call last):
  File "/home/robbyone/Public/org/agentflow/.venv/lib/python3.14/site-packages/django/db/backends/utils.py", line 105, in _execute
    return self.cursor.execute(sql, params)
           ~~~~~~~~~~~~~~~~~~~^^^^^^^^^^^^^
  File "/home/robbyone/Public/org/agentflow/.venv/lib/python3.14/site-packages/django/db/backends/sqlite3/base.py", line 359, in execute
    return super().execute(query, params)
           ~~~~~~~~~~~~~~~^^^^^^^^^^^^^^^
sqlite3.OperationalError: no such column: core_company.p_o_box

The above exception was the direct cause of the following exception:

Traceback (most recent call last):
  File "/home/robbyone/Public/org/agentflow/.venv/lib/python3.14/site-packages/django/core/handlers/exception.py", line 55, in inner
    response = get_response(request)
  File "/home/robbyone/Public/org/agentflow/.venv/lib/python3.14/site-packages/django/core/handlers/base.py", line 198, in _get_response
    response = wrapped_callback(request, *callback_args, **callback_kwargs)
  File "/home/robbyone/Public/org/agentflow/.venv/lib/python3.14/site-packages/django/contrib/auth/decorators.py", line 59, in _view_wrapper
    return view_func(request, *args, **kwargs)
  File "/home/robbyone/Public/org/agentflow/.venv/lib/python3.14/site-packages/django/contrib/auth/decorators.py", line 59, in _view_wrapper
    return view_func(request, *args, **kwargs)
  File "/home/robbyone/Public/org/agentflow/core/views.py", line 300, in company_settings_view
    company = Company.objects.first()
  File "/home/robbyone/Public/org/agentflow/.venv/lib/python3.14/site-packages/django/db/models/manager.py", line 87, in manager_method
    return getattr(self.get_queryset(), name)(*args, **kwargs)
           ~~~~~~~~~~~~~~~~~~~~~~~~~~~~~~~~~~^^^^^^^^^^^^^^^^^
  File "/home/robbyone/Public/org/agentflow/.venv/lib/python3.14/site-packages/django/db/models/query.py", line 1145, in first
    for obj in queryset[:1]:
               ~~~~~~~~^^^^
  File "/home/robbyone/Public/org/agentflow/.venv/lib/python3.14/site-packages/django/db/models/query.py", line 390, in __iter__
    self._fetch_all()
    ~~~~~~~~~~~~~~~^^
  File "/home/robbyone/Public/org/agentflow/.venv/lib/python3.14/site-packages/django/db/models/query.py", line 2000, in _fetch_all
    self._result_cache = list(self._iterable_class(self))
                         ~~~~^^^^^^^^^^^^^^^^^^^^^^^^^^^^
  File "/home/robbyone/Public/org/agentflow/.venv/lib/python3.14/site-packages/django/db/models/query.py", line 95, in __iter__
    results = compiler.execute_sql(
        chunked_fetch=self.chunked_fetch, chunk_size=self.chunk_size
    )
  File "/home/robbyone/Public/org/agentflow/.venv/lib/python3.14/site-packages/django/db/models/sql/compiler.py", line 1624, in execute_sql
    cursor.execute(sql, params)
    ~~~~~~~~~~~~~~^^^^^^^^^^^^^
  File "/home/robbyone/Public/org/agentflow/.venv/lib/python3.14/site-packages/django/db/backends/utils.py", line 122, in execute
    return super().execute(sql, params)
           ~~~~~~~~~~~~~~~^^^^^^^^^^^^^
  File "/home/robbyone/Public/org/agentflow/.venv/lib/python3.14/site-packages/django/db/backends/utils.py", line 79, in execute
    return self._execute_with_wrappers(
           ~~~~~~~~~~~~~~~~~~~~~~~~~~~^
        sql, params, many=False, executor=self._execute
        ^^^^^^^^^^^^^^^^^^^^^^^^^^^^^^^^^^^^^^^^^^^^^^^
    )
    ^
  File "/home/robbyone/Public/org/agentflow/.venv/lib/python3.14/site-packages/django/db/backends/utils.py", line 92, in _execute_with_wrappers
    return executor(sql, params, many, context)
  File "/home/robbyone/Public/org/agentflow/.venv/lib/python3.14/site-packages/django/db/backends/utils.py", line 100, in _execute
    with self.db.wrap_database_errors:
         ^^^^^^^^^^^^^^^^^^^^^^^^^^^^
  File "/home/robbyone/Public/org/agentflow/.venv/lib/python3.14/site-packages/django/db/utils.py", line 94, in __exit__
    raise dj_exc_value.with_traceback(traceback) from exc_value
  File "/home/robbyone/Public/org/agentflow/.venv/lib/python3.14/site-packages/django/db/backends/utils.py", line 105, in _execute
    return self.cursor.execute(sql, params)
           ~~~~~~~~~~~~~~~~~~~^^^^^^^^^^^^^
  File "/home/robbyone/Public/org/agentflow/.venv/lib/python3.14/site-packages/django/db/backends/sqlite3/base.py", line 359, in execute
    return super().execute(query, params)
           ~~~~~~~~~~~~~~~^^^^^^^^^^^^^^^
django.db.utils.OperationalError: no such column: core_company.p_o_box
"GET /core/settings/company/ HTTP/1.1" 500 176664
Internal Server Error: /core/dashboard/
Traceback (most recent call last):
  File "/home/robbyone/Public/org/agentflow/.venv/lib/python3.14/site-packages/django/db/backends/utils.py", line 105, in _execute
    return self.cursor.execute(sql, params)
           ~~~~~~~~~~~~~~~~~~~^^^^^^^^^^^^^
  File "/home/robbyone/Public/org/agentflow/.venv/lib/python3.14/site-packages/django/db/backends/sqlite3/base.py", line 359, in execute
    return super().execute(query, params)
           ~~~~~~~~~~~~~~~^^^^^^^^^^^^^^^
sqlite3.OperationalError: no such column: sales_sale.sale_type

The above exception was the direct cause of the following exception:

Traceback (most recent call last):
  File "/home/robbyone/Public/org/agentflow/.venv/lib/python3.14/site-packages/django/core/handlers/exception.py", line 55, in inner
    response = get_response(request)
  File "/home/robbyone/Public/org/agentflow/.venv/lib/python3.14/site-packages/django/core/handlers/base.py", line 198, in _get_response
    response = wrapped_callback(request, *callback_args, **callback_kwargs)
  File "/home/robbyone/Public/org/agentflow/.venv/lib/python3.14/site-packages/django/contrib/auth/decorators.py", line 59, in _view_wrapper
    return view_func(request, *args, **kwargs)
  File "/home/robbyone/Public/org/agentflow/core/decorators.py", line 25, in wrapper
    return view_func(request, *args, **kwargs)
  File "/home/robbyone/Public/org/agentflow/core/views.py", line 293, in dashboard_view
    return render(request, 'core/dashboard.html', context)
  File "/home/robbyone/Public/org/agentflow/.venv/lib/python3.14/site-packages/django/shortcuts.py", line 25, in render
    content = loader.render_to_string(template_name, context, request, using=using)
  File "/home/robbyone/Public/org/agentflow/.venv/lib/python3.14/site-packages/django/template/loader.py", line 62, in render_to_string
    return template.render(context, request)
           ~~~~~~~~~~~~~~~^^^^^^^^^^^^^^^^^^
  File "/home/robbyone/Public/org/agentflow/.venv/lib/python3.14/site-packages/django/template/backends/django.py", line 107, in render
    return self.template.render(context)
           ~~~~~~~~~~~~~~~~~~~~^^^^^^^^^
  File "/home/robbyone/Public/org/agentflow/.venv/lib/python3.14/site-packages/django/template/base.py", line 174, in render
    return self._render(context)
           ~~~~~~~~~~~~^^^^^^^^^
  File "/home/robbyone/Public/org/agentflow/.venv/lib/python3.14/site-packages/django/template/base.py", line 166, in _render
    return self.nodelist.render(context)
           ~~~~~~~~~~~~~~~~~~~~^^^^^^^^^
  File "/home/robbyone/Public/org/agentflow/.venv/lib/python3.14/site-packages/django/template/base.py", line 1091, in render
    return SafeString("".join([node.render_annotated(context) for node in self]))
                               ~~~~~~~~~~~~~~~~~~~~~^^^^^^^^^
  File "/home/robbyone/Public/org/agentflow/.venv/lib/python3.14/site-packages/django/template/base.py", line 1052, in render_annotated
    return self.render(context)
           ~~~~~~~~~~~^^^^^^^^^
  File "/home/robbyone/Public/org/agentflow/.venv/lib/python3.14/site-packages/django/template/loader_tags.py", line 160, in render
    return compiled_parent._render(context)
           ~~~~~~~~~~~~~~~~~~~~~~~^^^^^^^^^
  File "/home/robbyone/Public/org/agentflow/.venv/lib/python3.14/site-packages/django/template/base.py", line 166, in _render
    return self.nodelist.render(context)
           ~~~~~~~~~~~~~~~~~~~~^^^^^^^^^
  File "/home/robbyone/Public/org/agentflow/.venv/lib/python3.14/site-packages/django/template/base.py", line 1091, in render
    return SafeString("".join([node.render_annotated(context) for node in self]))
                               ~~~~~~~~~~~~~~~~~~~~~^^^^^^^^^
  File "/home/robbyone/Public/org/agentflow/.venv/lib/python3.14/site-packages/django/template/base.py", line 1052, in render_annotated
    return self.render(context)
           ~~~~~~~~~~~^^^^^^^^^
  File "/home/robbyone/Public/org/agentflow/.venv/lib/python3.14/site-packages/django/template/defaulttags.py", line 333, in render
    return nodelist.render(context)
           ~~~~~~~~~~~~~~~^^^^^^^^^
  File "/home/robbyone/Public/org/agentflow/.venv/lib/python3.14/site-packages/django/template/base.py", line 1091, in render
    return SafeString("".join([node.render_annotated(context) for node in self]))
                               ~~~~~~~~~~~~~~~~~~~~~^^^^^^^^^
  File "/home/robbyone/Public/org/agentflow/.venv/lib/python3.14/site-packages/django/template/base.py", line 1052, in render_annotated
    return self.render(context)
           ~~~~~~~~~~~^^^^^^^^^
  File "/home/robbyone/Public/org/agentflow/.venv/lib/python3.14/site-packages/django/template/loader_tags.py", line 66, in render
    result = block.nodelist.render(context)
  File "/home/robbyone/Public/org/agentflow/.venv/lib/python3.14/site-packages/django/template/base.py", line 1091, in render
    return SafeString("".join([node.render_annotated(context) for node in self]))
                               ~~~~~~~~~~~~~~~~~~~~~^^^^^^^^^
  File "/home/robbyone/Public/org/agentflow/.venv/lib/python3.14/site-packages/django/template/base.py", line 1052, in render_annotated
    return self.render(context)
           ~~~~~~~~~~~^^^^^^^^^
  File "/home/robbyone/Public/org/agentflow/.venv/lib/python3.14/site-packages/django/template/defaulttags.py", line 202, in render
    len_values = len(values)
  File "/home/robbyone/Public/org/agentflow/.venv/lib/python3.14/site-packages/django/db/models/query.py", line 372, in __len__
    self._fetch_all()
    ~~~~~~~~~~~~~~~^^
  File "/home/robbyone/Public/org/agentflow/.venv/lib/python3.14/site-packages/django/db/models/query.py", line 2000, in _fetch_all
    self._result_cache = list(self._iterable_class(self))
                         ~~~~^^^^^^^^^^^^^^^^^^^^^^^^^^^^
  File "/home/robbyone/Public/org/agentflow/.venv/lib/python3.14/site-packages/django/db/models/query.py", line 95, in __iter__
    results = compiler.execute_sql(
        chunked_fetch=self.chunked_fetch, chunk_size=self.chunk_size
    )
  File "/home/robbyone/Public/org/agentflow/.venv/lib/python3.14/site-packages/django/db/models/sql/compiler.py", line 1624, in execute_sql
    cursor.execute(sql, params)
    ~~~~~~~~~~~~~~^^^^^^^^^^^^^
  File "/home/robbyone/Public/org/agentflow/.venv/lib/python3.14/site-packages/django/db/backends/utils.py", line 122, in execute
    return super().execute(sql, params)
           ~~~~~~~~~~~~~~~^^^^^^^^^^^^^
  File "/home/robbyone/Public/org/agentflow/.venv/lib/python3.14/site-packages/django/db/backends/utils.py", line 79, in execute
    return self._execute_with_wrappers(
           ~~~~~~~~~~~~~~~~~~~~~~~~~~~^
        sql, params, many=False, executor=self._execute
        ^^^^^^^^^^^^^^^^^^^^^^^^^^^^^^^^^^^^^^^^^^^^^^^
    )
    ^
  File "/home/robbyone/Public/org/agentflow/.venv/lib/python3.14/site-packages/django/db/backends/utils.py", line 92, in _execute_with_wrappers
    return executor(sql, params, many, context)
  File "/home/robbyone/Public/org/agentflow/.venv/lib/python3.14/site-packages/django/db/backends/utils.py", line 100, in _execute
    with self.db.wrap_database_errors:
         ^^^^^^^^^^^^^^^^^^^^^^^^^^^^
  File "/home/robbyone/Public/org/agentflow/.venv/lib/python3.14/site-packages/django/db/utils.py", line 94, in __exit__
    raise dj_exc_value.with_traceback(traceback) from exc_value
  File "/home/robbyone/Public/org/agentflow/.venv/lib/python3.14/site-packages/django/db/backends/utils.py", line 105, in _execute
    return self.cursor.execute(sql, params)
           ~~~~~~~~~~~~~~~~~~~^^^^^^^^^^^^^
  File "/home/robbyone/Public/org/agentflow/.venv/lib/python3.14/site-packages/django/db/backends/sqlite3/base.py", line 359, in execute
    return super().execute(query, params)
           ~~~~~~~~~~~~~~~^^^^^^^^^^^^^^^
django.db.utils.OperationalError: no such column: sales_sale.sale_type
"GET /core/dashboard/ HTTP/1.1" 500 313722
Internal Server Error: /sales/
Traceback (most recent call last):
  File "/home/robbyone/Public/org/agentflow/.venv/lib/python3.14/site-packages/django/db/backends/utils.py", line 105, in _execute
    return self.cursor.execute(sql, params)
           ~~~~~~~~~~~~~~~~~~~^^^^^^^^^^^^^
  File "/home/robbyone/Public/org/agentflow/.venv/lib/python3.14/site-packages/django/db/backends/sqlite3/base.py", line 359, in execute
    return super().execute(query, params)
           ~~~~~~~~~~~~~~~^^^^^^^^^^^^^^^
sqlite3.OperationalError: no such column: sales_sale.sale_type

The above exception was the direct cause of the following exception:

Traceback (most recent call last):
  File "/home/robbyone/Public/org/agentflow/.venv/lib/python3.14/site-packages/django/core/handlers/exception.py", line 55, in inner
    response = get_response(request)
  File "/home/robbyone/Public/org/agentflow/.venv/lib/python3.14/site-packages/django/core/handlers/base.py", line 198, in _get_response
    response = wrapped_callback(request, *callback_args, **callback_kwargs)
  File "/home/robbyone/Public/org/agentflow/.venv/lib/python3.14/site-packages/django/contrib/auth/decorators.py", line 59, in _view_wrapper
    return view_func(request, *args, **kwargs)
  File "/home/robbyone/Public/org/agentflow/sales/views.py", line 871, in sale_list_view
    return render(request, 'sales/sales_list.html', context)
  File "/home/robbyone/Public/org/agentflow/.venv/lib/python3.14/site-packages/django/shortcuts.py", line 25, in render
    content = loader.render_to_string(template_name, context, request, using=using)
  File "/home/robbyone/Public/org/agentflow/.venv/lib/python3.14/site-packages/django/template/loader.py", line 62, in render_to_string
    return template.render(context, request)
           ~~~~~~~~~~~~~~~^^^^^^^^^^^^^^^^^^
  File "/home/robbyone/Public/org/agentflow/.venv/lib/python3.14/site-packages/django/template/backends/django.py", line 107, in render
    return self.template.render(context)
           ~~~~~~~~~~~~~~~~~~~~^^^^^^^^^
  File "/home/robbyone/Public/org/agentflow/.venv/lib/python3.14/site-packages/django/template/base.py", line 174, in render
    return self._render(context)
           ~~~~~~~~~~~~^^^^^^^^^
  File "/home/robbyone/Public/org/agentflow/.venv/lib/python3.14/site-packages/django/template/base.py", line 166, in _render
    return self.nodelist.render(context)
           ~~~~~~~~~~~~~~~~~~~~^^^^^^^^^
  File "/home/robbyone/Public/org/agentflow/.venv/lib/python3.14/site-packages/django/template/base.py", line 1091, in render
    return SafeString("".join([node.render_annotated(context) for node in self]))
                               ~~~~~~~~~~~~~~~~~~~~~^^^^^^^^^
  File "/home/robbyone/Public/org/agentflow/.venv/lib/python3.14/site-packages/django/template/base.py", line 1052, in render_annotated
    return self.render(context)
           ~~~~~~~~~~~^^^^^^^^^
  File "/home/robbyone/Public/org/agentflow/.venv/lib/python3.14/site-packages/django/template/loader_tags.py", line 160, in render
    return compiled_parent._render(context)
           ~~~~~~~~~~~~~~~~~~~~~~~^^^^^^^^^
  File "/home/robbyone/Public/org/agentflow/.venv/lib/python3.14/site-packages/django/template/base.py", line 166, in _render
    return self.nodelist.render(context)
           ~~~~~~~~~~~~~~~~~~~~^^^^^^^^^
  File "/home/robbyone/Public/org/agentflow/.venv/lib/python3.14/site-packages/django/template/base.py", line 1091, in render
    return SafeString("".join([node.render_annotated(context) for node in self]))
                               ~~~~~~~~~~~~~~~~~~~~~^^^^^^^^^
  File "/home/robbyone/Public/org/agentflow/.venv/lib/python3.14/site-packages/django/template/base.py", line 1052, in render_annotated
    return self.render(context)
           ~~~~~~~~~~~^^^^^^^^^
  File "/home/robbyone/Public/org/agentflow/.venv/lib/python3.14/site-packages/django/template/defaulttags.py", line 333, in render
    return nodelist.render(context)
           ~~~~~~~~~~~~~~~^^^^^^^^^
  File "/home/robbyone/Public/org/agentflow/.venv/lib/python3.14/site-packages/django/template/base.py", line 1091, in render
    return SafeString("".join([node.render_annotated(context) for node in self]))
                               ~~~~~~~~~~~~~~~~~~~~~^^^^^^^^^
  File "/home/robbyone/Public/org/agentflow/.venv/lib/python3.14/site-packages/django/template/base.py", line 1052, in render_annotated
    return self.render(context)
           ~~~~~~~~~~~^^^^^^^^^
  File "/home/robbyone/Public/org/agentflow/.venv/lib/python3.14/site-packages/django/template/loader_tags.py", line 66, in render
    result = block.nodelist.render(context)
  File "/home/robbyone/Public/org/agentflow/.venv/lib/python3.14/site-packages/django/template/base.py", line 1091, in render
    return SafeString("".join([node.render_annotated(context) for node in self]))
                               ~~~~~~~~~~~~~~~~~~~~~^^^^^^^^^
  File "/home/robbyone/Public/org/agentflow/.venv/lib/python3.14/site-packages/django/template/base.py", line 1052, in render_annotated
    return self.render(context)
           ~~~~~~~~~~~^^^^^^^^^
  File "/home/robbyone/Public/org/agentflow/.venv/lib/python3.14/site-packages/django/template/defaulttags.py", line 202, in render
    len_values = len(values)
  File "/home/robbyone/Public/org/agentflow/.venv/lib/python3.14/site-packages/django/core/paginator.py", line 319, in __len__
    return len(self.object_list)
  File "/home/robbyone/Public/org/agentflow/.venv/lib/python3.14/site-packages/django/db/models/query.py", line 372, in __len__
    self._fetch_all()
    ~~~~~~~~~~~~~~~^^
  File "/home/robbyone/Public/org/agentflow/.venv/lib/python3.14/site-packages/django/db/models/query.py", line 2000, in _fetch_all
    self._result_cache = list(self._iterable_class(self))
                         ~~~~^^^^^^^^^^^^^^^^^^^^^^^^^^^^
  File "/home/robbyone/Public/org/agentflow/.venv/lib/python3.14/site-packages/django/db/models/query.py", line 95, in __iter__
    results = compiler.execute_sql(
        chunked_fetch=self.chunked_fetch, chunk_size=self.chunk_size
    )
  File "/home/robbyone/Public/org/agentflow/.venv/lib/python3.14/site-packages/django/db/models/sql/compiler.py", line 1624, in execute_sql
    cursor.execute(sql, params)
    ~~~~~~~~~~~~~~^^^^^^^^^^^^^
  File "/home/robbyone/Public/org/agentflow/.venv/lib/python3.14/site-packages/django/db/backends/utils.py", line 122, in execute
    return super().execute(sql, params)
           ~~~~~~~~~~~~~~~^^^^^^^^^^^^^
  File "/home/robbyone/Public/org/agentflow/.venv/lib/python3.14/site-packages/django/db/backends/utils.py", line 79, in execute
    return self._execute_with_wrappers(
           ~~~~~~~~~~~~~~~~~~~~~~~~~~~^
        sql, params, many=False, executor=self._execute
        ^^^^^^^^^^^^^^^^^^^^^^^^^^^^^^^^^^^^^^^^^^^^^^^
    )
    ^
  File "/home/robbyone/Public/org/agentflow/.venv/lib/python3.14/site-packages/django/db/backends/utils.py", line 92, in _execute_with_wrappers
    return executor(sql, params, many, context)
  File "/home/robbyone/Public/org/agentflow/.venv/lib/python3.14/site-packages/django/db/backends/utils.py", line 100, in _execute
    with self.db.wrap_database_errors:
         ^^^^^^^^^^^^^^^^^^^^^^^^^^^^
  File "/home/robbyone/Public/org/agentflow/.venv/lib/python3.14/site-packages/django/db/utils.py", line 94, in __exit__
    raise dj_exc_value.with_traceback(traceback) from exc_value
  File "/home/robbyone/Public/org/agentflow/.venv/lib/python3.14/site-packages/django/db/backends/utils.py", line 105, in _execute
    return self.cursor.execute(sql, params)
           ~~~~~~~~~~~~~~~~~~~^^^^^^^^^^^^^
  File "/home/robbyone/Public/org/agentflow/.venv/lib/python3.14/site-packages/django/db/backends/sqlite3/base.py", line 359, in execute
    return super().execute(query, params)
           ~~~~~~~~~~~~~~~^^^^^^^^^^^^^^^
django.db.utils.OperationalError: no such column: sales_sale.sale_type
"GET /sales/ HTTP/1.1" 500 299680
Internal Server Error: /proformas/
Traceback (most recent call last):
  File "/home/robbyone/Public/org/agentflow/.venv/lib/python3.14/site-packages/django/db/backends/utils.py", line 105, in _execute
    return self.cursor.execute(sql, params)
           ~~~~~~~~~~~~~~~~~~~^^^^^^^^^^^^^
  File "/home/robbyone/Public/org/agentflow/.venv/lib/python3.14/site-packages/django/db/backends/sqlite3/base.py", line 359, in execute
    return super().execute(query, params)
           ~~~~~~~~~~~~~~~^^^^^^^^^^^^^^^
sqlite3.OperationalError: no such column: sales_sale.sale_type

The above exception was the direct cause of the following exception:

Traceback (most recent call last):
  File "/home/robbyone/Public/org/agentflow/.venv/lib/python3.14/site-packages/django/core/handlers/exception.py", line 55, in inner
    response = get_response(request)
  File "/home/robbyone/Public/org/agentflow/.venv/lib/python3.14/site-packages/django/core/handlers/base.py", line 198, in _get_response
    response = wrapped_callback(request, *callback_args, **callback_kwargs)
  File "/home/robbyone/Public/org/agentflow/.venv/lib/python3.14/site-packages/django/contrib/auth/decorators.py", line 59, in _view_wrapper
    return view_func(request, *args, **kwargs)
  File "/home/robbyone/Public/org/agentflow/sales/views.py", line 332, in proforma_list_view
    return render(request, 'sales/proforma_list.html', context)
  File "/home/robbyone/Public/org/agentflow/.venv/lib/python3.14/site-packages/django/shortcuts.py", line 25, in render
    content = loader.render_to_string(template_name, context, request, using=using)
  File "/home/robbyone/Public/org/agentflow/.venv/lib/python3.14/site-packages/django/template/loader.py", line 62, in render_to_string
    return template.render(context, request)
           ~~~~~~~~~~~~~~~^^^^^^^^^^^^^^^^^^
  File "/home/robbyone/Public/org/agentflow/.venv/lib/python3.14/site-packages/django/template/backends/django.py", line 107, in render
    return self.template.render(context)
           ~~~~~~~~~~~~~~~~~~~~^^^^^^^^^
  File "/home/robbyone/Public/org/agentflow/.venv/lib/python3.14/site-packages/django/template/base.py", line 174, in render
    return self._render(context)
           ~~~~~~~~~~~~^^^^^^^^^
  File "/home/robbyone/Public/org/agentflow/.venv/lib/python3.14/site-packages/django/template/base.py", line 166, in _render
    return self.nodelist.render(context)
           ~~~~~~~~~~~~~~~~~~~~^^^^^^^^^
  File "/home/robbyone/Public/org/agentflow/.venv/lib/python3.14/site-packages/django/template/base.py", line 1091, in render
    return SafeString("".join([node.render_annotated(context) for node in self]))
                               ~~~~~~~~~~~~~~~~~~~~~^^^^^^^^^
  File "/home/robbyone/Public/org/agentflow/.venv/lib/python3.14/site-packages/django/template/base.py", line 1052, in render_annotated
    return self.render(context)
           ~~~~~~~~~~~^^^^^^^^^
  File "/home/robbyone/Public/org/agentflow/.venv/lib/python3.14/site-packages/django/template/loader_tags.py", line 160, in render
    return compiled_parent._render(context)
           ~~~~~~~~~~~~~~~~~~~~~~~^^^^^^^^^
  File "/home/robbyone/Public/org/agentflow/.venv/lib/python3.14/site-packages/django/template/base.py", line 166, in _render
    return self.nodelist.render(context)
           ~~~~~~~~~~~~~~~~~~~~^^^^^^^^^
  File "/home/robbyone/Public/org/agentflow/.venv/lib/python3.14/site-packages/django/template/base.py", line 1091, in render
    return SafeString("".join([node.render_annotated(context) for node in self]))
                               ~~~~~~~~~~~~~~~~~~~~~^^^^^^^^^
  File "/home/robbyone/Public/org/agentflow/.venv/lib/python3.14/site-packages/django/template/base.py", line 1052, in render_annotated
    return self.render(context)
           ~~~~~~~~~~~^^^^^^^^^
  File "/home/robbyone/Public/org/agentflow/.venv/lib/python3.14/site-packages/django/template/defaulttags.py", line 333, in render
    return nodelist.render(context)
           ~~~~~~~~~~~~~~~^^^^^^^^^
  File "/home/robbyone/Public/org/agentflow/.venv/lib/python3.14/site-packages/django/template/base.py", line 1091, in render
    return SafeString("".join([node.render_annotated(context) for node in self]))
                               ~~~~~~~~~~~~~~~~~~~~~^^^^^^^^^
  File "/home/robbyone/Public/org/agentflow/.venv/lib/python3.14/site-packages/django/template/base.py", line 1052, in render_annotated
    return self.render(context)
           ~~~~~~~~~~~^^^^^^^^^
  File "/home/robbyone/Public/org/agentflow/.venv/lib/python3.14/site-packages/django/template/loader_tags.py", line 66, in render
    result = block.nodelist.render(context)
  File "/home/robbyone/Public/org/agentflow/.venv/lib/python3.14/site-packages/django/template/base.py", line 1091, in render
    return SafeString("".join([node.render_annotated(context) for node in self]))
                               ~~~~~~~~~~~~~~~~~~~~~^^^^^^^^^
  File "/home/robbyone/Public/org/agentflow/.venv/lib/python3.14/site-packages/django/template/base.py", line 1052, in render_annotated
    return self.render(context)
           ~~~~~~~~~~~^^^^^^^^^
  File "/home/robbyone/Public/org/agentflow/.venv/lib/python3.14/site-packages/django/template/defaulttags.py", line 202, in render
    len_values = len(values)
  File "/home/robbyone/Public/org/agentflow/.venv/lib/python3.14/site-packages/django/core/paginator.py", line 319, in __len__
    return len(self.object_list)
  File "/home/robbyone/Public/org/agentflow/.venv/lib/python3.14/site-packages/django/db/models/query.py", line 372, in __len__
    self._fetch_all()
    ~~~~~~~~~~~~~~~^^
  File "/home/robbyone/Public/org/agentflow/.venv/lib/python3.14/site-packages/django/db/models/query.py", line 2000, in _fetch_all
    self._result_cache = list(self._iterable_class(self))
                         ~~~~^^^^^^^^^^^^^^^^^^^^^^^^^^^^
  File "/home/robbyone/Public/org/agentflow/.venv/lib/python3.14/site-packages/django/db/models/query.py", line 95, in __iter__
    results = compiler.execute_sql(
        chunked_fetch=self.chunked_fetch, chunk_size=self.chunk_size
    )
  File "/home/robbyone/Public/org/agentflow/.venv/lib/python3.14/site-packages/django/db/models/sql/compiler.py", line 1624, in execute_sql
    cursor.execute(sql, params)
    ~~~~~~~~~~~~~~^^^^^^^^^^^^^
  File "/home/robbyone/Public/org/agentflow/.venv/lib/python3.14/site-packages/django/db/backends/utils.py", line 122, in execute
    return super().execute(sql, params)
           ~~~~~~~~~~~~~~~^^^^^^^^^^^^^
  File "/home/robbyone/Public/org/agentflow/.venv/lib/python3.14/site-packages/django/db/backends/utils.py", line 79, in execute
    return self._execute_with_wrappers(
           ~~~~~~~~~~~~~~~~~~~~~~~~~~~^
        sql, params, many=False, executor=self._execute
        ^^^^^^^^^^^^^^^^^^^^^^^^^^^^^^^^^^^^^^^^^^^^^^^
    )
    ^
  File "/home/robbyone/Public/org/agentflow/.venv/lib/python3.14/site-packages/django/db/backends/utils.py", line 92, in _execute_with_wrappers
    return executor(sql, params, many, context)
  File "/home/robbyone/Public/org/agentflow/.venv/lib/python3.14/site-packages/django/db/backends/utils.py", line 100, in _execute
    with self.db.wrap_database_errors:
         ^^^^^^^^^^^^^^^^^^^^^^^^^^^^
  File "/home/robbyone/Public/org/agentflow/.venv/lib/python3.14/site-packages/django/db/utils.py", line 94, in __exit__
    raise dj_exc_value.with_traceback(traceback) from exc_value
  File "/home/robbyone/Public/org/agentflow/.venv/lib/python3.14/site-packages/django/db/backends/utils.py", line 105, in _execute
    return self.cursor.execute(sql, params)
           ~~~~~~~~~~~~~~~~~~~^^^^^^^^^^^^^
  File "/home/robbyone/Public/org/agentflow/.venv/lib/python3.14/site-packages/django/db/backends/sqlite3/base.py", line 359, in execute
    return super().execute(query, params)
           ~~~~~~~~~~~~~~~^^^^^^^^^^^^^^^
django.db.utils.OperationalError: no such column: sales_sale.sale_type
"GET /proformas/ HTTP/1.1" 500 284512
Internal Server Error: /credits/
Traceback (most recent call last):
  File "/home/robbyone/Public/org/agentflow/.venv/lib/python3.14/site-packages/django/db/backends/utils.py", line 105, in _execute
    return self.cursor.execute(sql, params)
           ~~~~~~~~~~~~~~~~~~~^^^^^^^^^^^^^
  File "/home/robbyone/Public/org/agentflow/.venv/lib/python3.14/site-packages/django/db/backends/sqlite3/base.py", line 359, in execute
    return super().execute(query, params)
           ~~~~~~~~~~~~~~~^^^^^^^^^^^^^^^
sqlite3.OperationalError: no such column: sales_sale.sale_type

The above exception was the direct cause of the following exception:

Traceback (most recent call last):
  File "/home/robbyone/Public/org/agentflow/.venv/lib/python3.14/site-packages/django/core/handlers/exception.py", line 55, in inner
    response = get_response(request)
  File "/home/robbyone/Public/org/agentflow/.venv/lib/python3.14/site-packages/django/core/handlers/base.py", line 198, in _get_response
    response = wrapped_callback(request, *callback_args, **callback_kwargs)
  File "/home/robbyone/Public/org/agentflow/.venv/lib/python3.14/site-packages/django/contrib/auth/decorators.py", line 59, in _view_wrapper
    return view_func(request, *args, **kwargs)
  File "/home/robbyone/Public/org/agentflow/sales/views.py", line 1333, in credit_list_view
    return render(request, 'sales/credit_list.html', context)
  File "/home/robbyone/Public/org/agentflow/.venv/lib/python3.14/site-packages/django/shortcuts.py", line 25, in render
    content = loader.render_to_string(template_name, context, request, using=using)
  File "/home/robbyone/Public/org/agentflow/.venv/lib/python3.14/site-packages/django/template/loader.py", line 62, in render_to_string
    return template.render(context, request)
           ~~~~~~~~~~~~~~~^^^^^^^^^^^^^^^^^^
  File "/home/robbyone/Public/org/agentflow/.venv/lib/python3.14/site-packages/django/template/backends/django.py", line 107, in render
    return self.template.render(context)
           ~~~~~~~~~~~~~~~~~~~~^^^^^^^^^
  File "/home/robbyone/Public/org/agentflow/.venv/lib/python3.14/site-packages/django/template/base.py", line 174, in render
    return self._render(context)
           ~~~~~~~~~~~~^^^^^^^^^
  File "/home/robbyone/Public/org/agentflow/.venv/lib/python3.14/site-packages/django/template/base.py", line 166, in _render
    return self.nodelist.render(context)
           ~~~~~~~~~~~~~~~~~~~~^^^^^^^^^
  File "/home/robbyone/Public/org/agentflow/.venv/lib/python3.14/site-packages/django/template/base.py", line 1091, in render
    return SafeString("".join([node.render_annotated(context) for node in self]))
                               ~~~~~~~~~~~~~~~~~~~~~^^^^^^^^^
  File "/home/robbyone/Public/org/agentflow/.venv/lib/python3.14/site-packages/django/template/base.py", line 1052, in render_annotated
    return self.render(context)
           ~~~~~~~~~~~^^^^^^^^^
  File "/home/robbyone/Public/org/agentflow/.venv/lib/python3.14/site-packages/django/template/loader_tags.py", line 160, in render
    return compiled_parent._render(context)
           ~~~~~~~~~~~~~~~~~~~~~~~^^^^^^^^^
  File "/home/robbyone/Public/org/agentflow/.venv/lib/python3.14/site-packages/django/template/base.py", line 166, in _render
    return self.nodelist.render(context)
           ~~~~~~~~~~~~~~~~~~~~^^^^^^^^^
  File "/home/robbyone/Public/org/agentflow/.venv/lib/python3.14/site-packages/django/template/base.py", line 1091, in render
    return SafeString("".join([node.render_annotated(context) for node in self]))
                               ~~~~~~~~~~~~~~~~~~~~~^^^^^^^^^
  File "/home/robbyone/Public/org/agentflow/.venv/lib/python3.14/site-packages/django/template/base.py", line 1052, in render_annotated
    return self.render(context)
           ~~~~~~~~~~~^^^^^^^^^
  File "/home/robbyone/Public/org/agentflow/.venv/lib/python3.14/site-packages/django/template/defaulttags.py", line 333, in render
    return nodelist.render(context)
           ~~~~~~~~~~~~~~~^^^^^^^^^
  File "/home/robbyone/Public/org/agentflow/.venv/lib/python3.14/site-packages/django/template/base.py", line 1091, in render
    return SafeString("".join([node.render_annotated(context) for node in self]))
                               ~~~~~~~~~~~~~~~~~~~~~^^^^^^^^^
  File "/home/robbyone/Public/org/agentflow/.venv/lib/python3.14/site-packages/django/template/base.py", line 1052, in render_annotated
    return self.render(context)
           ~~~~~~~~~~~^^^^^^^^^
  File "/home/robbyone/Public/org/agentflow/.venv/lib/python3.14/site-packages/django/template/loader_tags.py", line 66, in render
    result = block.nodelist.render(context)
  File "/home/robbyone/Public/org/agentflow/.venv/lib/python3.14/site-packages/django/template/base.py", line 1091, in render
    return SafeString("".join([node.render_annotated(context) for node in self]))
                               ~~~~~~~~~~~~~~~~~~~~~^^^^^^^^^
  File "/home/robbyone/Public/org/agentflow/.venv/lib/python3.14/site-packages/django/template/base.py", line 1052, in render_annotated
    return self.render(context)
           ~~~~~~~~~~~^^^^^^^^^
  File "/home/robbyone/Public/org/agentflow/.venv/lib/python3.14/site-packages/django/template/defaulttags.py", line 202, in render
    len_values = len(values)
  File "/home/robbyone/Public/org/agentflow/.venv/lib/python3.14/site-packages/django/core/paginator.py", line 319, in __len__
    return len(self.object_list)
  File "/home/robbyone/Public/org/agentflow/.venv/lib/python3.14/site-packages/django/db/models/query.py", line 372, in __len__
    self._fetch_all()
    ~~~~~~~~~~~~~~~^^
  File "/home/robbyone/Public/org/agentflow/.venv/lib/python3.14/site-packages/django/db/models/query.py", line 2000, in _fetch_all
    self._result_cache = list(self._iterable_class(self))
                         ~~~~^^^^^^^^^^^^^^^^^^^^^^^^^^^^
  File "/home/robbyone/Public/org/agentflow/.venv/lib/python3.14/site-packages/django/db/models/query.py", line 95, in __iter__
    results = compiler.execute_sql(
        chunked_fetch=self.chunked_fetch, chunk_size=self.chunk_size
    )
  File "/home/robbyone/Public/org/agentflow/.venv/lib/python3.14/site-packages/django/db/models/sql/compiler.py", line 1624, in execute_sql
    cursor.execute(sql, params)
    ~~~~~~~~~~~~~~^^^^^^^^^^^^^
  File "/home/robbyone/Public/org/agentflow/.venv/lib/python3.14/site-packages/django/db/backends/utils.py", line 122, in execute
    return super().execute(sql, params)
           ~~~~~~~~~~~~~~~^^^^^^^^^^^^^
  File "/home/robbyone/Public/org/agentflow/.venv/lib/python3.14/site-packages/django/db/backends/utils.py", line 79, in execute
    return self._execute_with_wrappers(
           ~~~~~~~~~~~~~~~~~~~~~~~~~~~^
        sql, params, many=False, executor=self._execute
        ^^^^^^^^^^^^^^^^^^^^^^^^^^^^^^^^^^^^^^^^^^^^^^^
    )
    ^
  File "/home/robbyone/Public/org/agentflow/.venv/lib/python3.14/site-packages/django/db/backends/utils.py", line 92, in _execute_with_wrappers
    return executor(sql, params, many, context)
  File "/home/robbyone/Public/org/agentflow/.venv/lib/python3.14/site-packages/django/db/backends/utils.py", line 100, in _execute
    with self.db.wrap_database_errors:
         ^^^^^^^^^^^^^^^^^^^^^^^^^^^^
  File "/home/robbyone/Public/org/agentflow/.venv/lib/python3.14/site-packages/django/db/utils.py", line 94, in __exit__
    raise dj_exc_value.with_traceback(traceback) from exc_value
  File "/home/robbyone/Public/org/agentflow/.venv/lib/python3.14/site-packages/django/db/backends/utils.py", line 105, in _execute
    return self.cursor.execute(sql, params)
           ~~~~~~~~~~~~~~~~~~~^^^^^^^^^^^^^
  File "/home/robbyone/Public/org/agentflow/.venv/lib/python3.14/site-packages/django/db/backends/sqlite3/base.py", line 359, in execute
    return super().execute(query, params)
           ~~~~~~~~~~~~~~~^^^^^^^^^^^^^^^
django.db.utils.OperationalError: no such column: sales_sale.sale_type
"GET /credits/ HTTP/1.1" 500 298617
Internal Server Error: /admin/sales/creditrecord/
Traceback (most recent call last):
  File "/home/robbyone/Public/org/agentflow/.venv/lib/python3.14/site-packages/django/db/models/options.py", line 684, in get_field
    return self.fields_map[field_name]
           ~~~~~~~~~~~~~~~^^^^^^^^^^^^
KeyError: 'credit_amount_display'

During handling of the above exception, another exception occurred:

Traceback (most recent call last):
  File "/home/robbyone/Public/org/agentflow/.venv/lib/python3.14/site-packages/django/contrib/admin/utils.py", line 293, in lookup_field
    f = _get_non_gfk_field(opts, name)
  File "/home/robbyone/Public/org/agentflow/.venv/lib/python3.14/site-packages/django/contrib/admin/utils.py", line 333, in _get_non_gfk_field
    field = opts.get_field(name)
  File "/home/robbyone/Public/org/agentflow/.venv/lib/python3.14/site-packages/django/db/models/options.py", line 686, in get_field
    raise FieldDoesNotExist(
        "%s has no field named '%s'" % (self.object_name, field_name)
    )
django.core.exceptions.FieldDoesNotExist: CreditRecord has no field named 'credit_amount_display'

During handling of the above exception, another exception occurred:

Traceback (most recent call last):
  File "/home/robbyone/Public/org/agentflow/.venv/lib/python3.14/site-packages/django/core/handlers/exception.py", line 55, in inner
    response = get_response(request)
  File "/home/robbyone/Public/org/agentflow/.venv/lib/python3.14/site-packages/django/core/handlers/base.py", line 221, in _get_response
    response = response.render()
  File "/home/robbyone/Public/org/agentflow/.venv/lib/python3.14/site-packages/django/template/response.py", line 114, in render
    self.content = self.rendered_content
                   ^^^^^^^^^^^^^^^^^^^^^
  File "/home/robbyone/Public/org/agentflow/.venv/lib/python3.14/site-packages/django/template/response.py", line 92, in rendered_content
    return template.render(context, self._request)
           ~~~~~~~~~~~~~~~^^^^^^^^^^^^^^^^^^^^^^^^
  File "/home/robbyone/Public/org/agentflow/.venv/lib/python3.14/site-packages/django/template/backends/django.py", line 107, in render
    return self.template.render(context)
           ~~~~~~~~~~~~~~~~~~~~^^^^^^^^^
  File "/home/robbyone/Public/org/agentflow/.venv/lib/python3.14/site-packages/django/template/base.py", line 174, in render
    return self._render(context)
           ~~~~~~~~~~~~^^^^^^^^^
  File "/home/robbyone/Public/org/agentflow/.venv/lib/python3.14/site-packages/django/template/base.py", line 166, in _render
    return self.nodelist.render(context)
           ~~~~~~~~~~~~~~~~~~~~^^^^^^^^^
  File "/home/robbyone/Public/org/agentflow/.venv/lib/python3.14/site-packages/django/template/base.py", line 1091, in render
    return SafeString("".join([node.render_annotated(context) for node in self]))
                               ~~~~~~~~~~~~~~~~~~~~~^^^^^^^^^
  File "/home/robbyone/Public/org/agentflow/.venv/lib/python3.14/site-packages/django/template/base.py", line 1052, in render_annotated
    return self.render(context)
           ~~~~~~~~~~~^^^^^^^^^
  File "/home/robbyone/Public/org/agentflow/.venv/lib/python3.14/site-packages/django/template/loader_tags.py", line 160, in render
    return compiled_parent._render(context)
           ~~~~~~~~~~~~~~~~~~~~~~~^^^^^^^^^
  File "/home/robbyone/Public/org/agentflow/.venv/lib/python3.14/site-packages/django/template/base.py", line 166, in _render
    return self.nodelist.render(context)
           ~~~~~~~~~~~~~~~~~~~~^^^^^^^^^
  File "/home/robbyone/Public/org/agentflow/.venv/lib/python3.14/site-packages/django/template/base.py", line 1091, in render
    return SafeString("".join([node.render_annotated(context) for node in self]))
                               ~~~~~~~~~~~~~~~~~~~~~^^^^^^^^^
  File "/home/robbyone/Public/org/agentflow/.venv/lib/python3.14/site-packages/django/template/base.py", line 1052, in render_annotated
    return self.render(context)
           ~~~~~~~~~~~^^^^^^^^^
  File "/home/robbyone/Public/org/agentflow/.venv/lib/python3.14/site-packages/django/template/loader_tags.py", line 160, in render
    return compiled_parent._render(context)
           ~~~~~~~~~~~~~~~~~~~~~~~^^^^^^^^^
  File "/home/robbyone/Public/org/agentflow/.venv/lib/python3.14/site-packages/django/template/base.py", line 166, in _render
    return self.nodelist.render(context)
           ~~~~~~~~~~~~~~~~~~~~^^^^^^^^^
  File "/home/robbyone/Public/org/agentflow/.venv/lib/python3.14/site-packages/django/template/base.py", line 1091, in render
    return SafeString("".join([node.render_annotated(context) for node in self]))
                               ~~~~~~~~~~~~~~~~~~~~~^^^^^^^^^
  File "/home/robbyone/Public/org/agentflow/.venv/lib/python3.14/site-packages/django/template/base.py", line 1052, in render_annotated
    return self.render(context)
           ~~~~~~~~~~~^^^^^^^^^
  File "/home/robbyone/Public/org/agentflow/.venv/lib/python3.14/site-packages/django/template/loader_tags.py", line 160, in render
    return compiled_parent._render(context)
           ~~~~~~~~~~~~~~~~~~~~~~~^^^^^^^^^
  File "/home/robbyone/Public/org/agentflow/.venv/lib/python3.14/site-packages/django/template/base.py", line 166, in _render
    return self.nodelist.render(context)
           ~~~~~~~~~~~~~~~~~~~~^^^^^^^^^
  File "/home/robbyone/Public/org/agentflow/.venv/lib/python3.14/site-packages/django/template/base.py", line 1091, in render
    return SafeString("".join([node.render_annotated(context) for node in self]))
                               ~~~~~~~~~~~~~~~~~~~~~^^^^^^^^^
  File "/home/robbyone/Public/org/agentflow/.venv/lib/python3.14/site-packages/django/template/base.py", line 1052, in render_annotated
    return self.render(context)
           ~~~~~~~~~~~^^^^^^^^^
  File "/home/robbyone/Public/org/agentflow/.venv/lib/python3.14/site-packages/django/template/loader_tags.py", line 66, in render
    result = block.nodelist.render(context)
  File "/home/robbyone/Public/org/agentflow/.venv/lib/python3.14/site-packages/django/template/base.py", line 1091, in render
    return SafeString("".join([node.render_annotated(context) for node in self]))
                               ~~~~~~~~~~~~~~~~~~~~~^^^^^^^^^
  File "/home/robbyone/Public/org/agentflow/.venv/lib/python3.14/site-packages/django/template/base.py", line 1052, in render_annotated
    return self.render(context)
           ~~~~~~~~~~~^^^^^^^^^
  File "/home/robbyone/Public/org/agentflow/.venv/lib/python3.14/site-packages/django/template/loader_tags.py", line 66, in render
    result = block.nodelist.render(context)
  File "/home/robbyone/Public/org/agentflow/.venv/lib/python3.14/site-packages/django/template/base.py", line 1091, in render
    return SafeString("".join([node.render_annotated(context) for node in self]))
                               ~~~~~~~~~~~~~~~~~~~~~^^^^^^^^^
  File "/home/robbyone/Public/org/agentflow/.venv/lib/python3.14/site-packages/django/template/base.py", line 1052, in render_annotated
    return self.render(context)
           ~~~~~~~~~~~^^^^^^^^^
  File "/home/robbyone/Public/org/agentflow/.venv/lib/python3.14/site-packages/django/template/loader_tags.py", line 66, in render
    result = block.nodelist.render(context)
  File "/home/robbyone/Public/org/agentflow/.venv/lib/python3.14/site-packages/django/template/base.py", line 1091, in render
    return SafeString("".join([node.render_annotated(context) for node in self]))
                               ~~~~~~~~~~~~~~~~~~~~~^^^^^^^^^
  File "/home/robbyone/Public/org/agentflow/.venv/lib/python3.14/site-packages/django/template/base.py", line 1052, in render_annotated
    return self.render(context)
           ~~~~~~~~~~~^^^^^^^^^
  File "/home/robbyone/Public/org/agentflow/.venv/lib/python3.14/site-packages/django/contrib/admin/templatetags/base.py", line 47, in render
    return super().render(context)
           ~~~~~~~~~~~~~~^^^^^^^^^
  File "/home/robbyone/Public/org/agentflow/.venv/lib/python3.14/site-packages/django/template/library.py", line 363, in render
    _dict = self.func(*resolved_args, **resolved_kwargs)
  File "/home/robbyone/Public/org/agentflow/.venv/lib/python3.14/site-packages/unfold/templatetags/unfold_list.py", line 396, in result_list
    "results": list(results(cl)),
               ~~~~^^^^^^^^^^^^^
  File "/home/robbyone/Public/org/agentflow/.venv/lib/python3.14/site-packages/unfold/templatetags/unfold_list.py", line 377, in results
    yield UnfoldResultList(res, None, items_for_result(cl, res, None))
          ~~~~~~~~~~~~~~~~^^^^^^^^^^^^^^^^^^^^^^^^^^^^^^^^^^^^^^^^^^^^
  File "/home/robbyone/Public/org/agentflow/.venv/lib/python3.14/site-packages/unfold/templatetags/unfold_list.py", line 368, in __init__
    super().__init__(form, *items)
    ~~~~~~~~~~~~~~~~^^^^^^^^^^^^^^
  File "/home/robbyone/Public/org/agentflow/.venv/lib/python3.14/site-packages/django/contrib/admin/templatetags/admin_list.py", line 324, in __init__
    super().__init__(*items)
    ~~~~~~~~~~~~~~~~^^^^^^^^
  File "/home/robbyone/Public/org/agentflow/.venv/lib/python3.14/site-packages/unfold/templatetags/unfold_list.py", line 230, in items_for_result
    f, attr, value = lookup_field(field_name, result, cl.model_admin)
                     ~~~~~~~~~~~~^^^^^^^^^^^^^^^^^^^^^^^^^^^^^^^^^^^^
  File "/home/robbyone/Public/org/agentflow/.venv/lib/python3.14/site-packages/django/contrib/admin/utils.py", line 302, in lookup_field
    value = attr(obj)
  File "/home/robbyone/Public/org/agentflow/sales/admin.py", line 120, in credit_amount_display
    return format_html('<strong>TSh {:,.0f}</strong>', obj.credit_amount)
  File "/home/robbyone/Public/org/agentflow/.venv/lib/python3.14/site-packages/django/utils/html.py", line 140, in format_html
    return mark_safe(format_string.format(*args_safe, **kwargs_safe))
                     ~~~~~~~~~~~~~~~~~~~~^^^^^^^^^^^^^^^^^^^^^^^^^^^
ValueError: Unknown format code 'f' for object of type 'SafeString'
"GET /admin/sales/creditrecord/ HTTP/1.1" 500 539861
Internal Server Error: /admin/purchases/purchaseorder/
Traceback (most recent call last):
  File "/home/robbyone/Public/org/agentflow/.venv/lib/python3.14/site-packages/django/db/models/options.py", line 684, in get_field
    return self.fields_map[field_name]
           ~~~~~~~~~~~~~~~^^^^^^^^^^^^
KeyError: 'total_amount_display'

During handling of the above exception, another exception occurred:

Traceback (most recent call last):
  File "/home/robbyone/Public/org/agentflow/.venv/lib/python3.14/site-packages/django/contrib/admin/utils.py", line 293, in lookup_field
    f = _get_non_gfk_field(opts, name)
  File "/home/robbyone/Public/org/agentflow/.venv/lib/python3.14/site-packages/django/contrib/admin/utils.py", line 333, in _get_non_gfk_field
    field = opts.get_field(name)
  File "/home/robbyone/Public/org/agentflow/.venv/lib/python3.14/site-packages/django/db/models/options.py", line 686, in get_field
    raise FieldDoesNotExist(
        "%s has no field named '%s'" % (self.object_name, field_name)
    )
django.core.exceptions.FieldDoesNotExist: PurchaseOrder has no field named 'total_amount_display'

During handling of the above exception, another exception occurred:

Traceback (most recent call last):
  File "/home/robbyone/Public/org/agentflow/.venv/lib/python3.14/site-packages/django/core/handlers/exception.py", line 55, in inner
    response = get_response(request)
  File "/home/robbyone/Public/org/agentflow/.venv/lib/python3.14/site-packages/django/core/handlers/base.py", line 221, in _get_response
    response = response.render()
  File "/home/robbyone/Public/org/agentflow/.venv/lib/python3.14/site-packages/django/template/response.py", line 114, in render
    self.content = self.rendered_content
                   ^^^^^^^^^^^^^^^^^^^^^
  File "/home/robbyone/Public/org/agentflow/.venv/lib/python3.14/site-packages/django/template/response.py", line 92, in rendered_content
    return template.render(context, self._request)
           ~~~~~~~~~~~~~~~^^^^^^^^^^^^^^^^^^^^^^^^
  File "/home/robbyone/Public/org/agentflow/.venv/lib/python3.14/site-packages/django/template/backends/django.py", line 107, in render
    return self.template.render(context)
           ~~~~~~~~~~~~~~~~~~~~^^^^^^^^^
  File "/home/robbyone/Public/org/agentflow/.venv/lib/python3.14/site-packages/django/template/base.py", line 174, in render
    return self._render(context)
           ~~~~~~~~~~~~^^^^^^^^^
  File "/home/robbyone/Public/org/agentflow/.venv/lib/python3.14/site-packages/django/template/base.py", line 166, in _render
    return self.nodelist.render(context)
           ~~~~~~~~~~~~~~~~~~~~^^^^^^^^^
  File "/home/robbyone/Public/org/agentflow/.venv/lib/python3.14/site-packages/django/template/base.py", line 1091, in render
    return SafeString("".join([node.render_annotated(context) for node in self]))
                               ~~~~~~~~~~~~~~~~~~~~~^^^^^^^^^
  File "/home/robbyone/Public/org/agentflow/.venv/lib/python3.14/site-packages/django/template/base.py", line 1052, in render_annotated
    return self.render(context)
           ~~~~~~~~~~~^^^^^^^^^
  File "/home/robbyone/Public/org/agentflow/.venv/lib/python3.14/site-packages/django/template/loader_tags.py", line 160, in render
    return compiled_parent._render(context)
           ~~~~~~~~~~~~~~~~~~~~~~~^^^^^^^^^
  File "/home/robbyone/Public/org/agentflow/.venv/lib/python3.14/site-packages/django/template/base.py", line 166, in _render
    return self.nodelist.render(context)
           ~~~~~~~~~~~~~~~~~~~~^^^^^^^^^
  File "/home/robbyone/Public/org/agentflow/.venv/lib/python3.14/site-packages/django/template/base.py", line 1091, in render
    return SafeString("".join([node.render_annotated(context) for node in self]))
                               ~~~~~~~~~~~~~~~~~~~~~^^^^^^^^^
  File "/home/robbyone/Public/org/agentflow/.venv/lib/python3.14/site-packages/django/template/base.py", line 1052, in render_annotated
    return self.render(context)
           ~~~~~~~~~~~^^^^^^^^^
  File "/home/robbyone/Public/org/agentflow/.venv/lib/python3.14/site-packages/django/template/loader_tags.py", line 160, in render
    return compiled_parent._render(context)
           ~~~~~~~~~~~~~~~~~~~~~~~^^^^^^^^^
  File "/home/robbyone/Public/org/agentflow/.venv/lib/python3.14/site-packages/django/template/base.py", line 166, in _render
    return self.nodelist.render(context)
           ~~~~~~~~~~~~~~~~~~~~^^^^^^^^^
  File "/home/robbyone/Public/org/agentflow/.venv/lib/python3.14/site-packages/django/template/base.py", line 1091, in render
    return SafeString("".join([node.render_annotated(context) for node in self]))
                               ~~~~~~~~~~~~~~~~~~~~~^^^^^^^^^
  File "/home/robbyone/Public/org/agentflow/.venv/lib/python3.14/site-packages/django/template/base.py", line 1052, in render_annotated
    return self.render(context)
           ~~~~~~~~~~~^^^^^^^^^
  File "/home/robbyone/Public/org/agentflow/.venv/lib/python3.14/site-packages/django/template/loader_tags.py", line 160, in render
    return compiled_parent._render(context)
           ~~~~~~~~~~~~~~~~~~~~~~~^^^^^^^^^
  File "/home/robbyone/Public/org/agentflow/.venv/lib/python3.14/site-packages/django/template/base.py", line 166, in _render
    return self.nodelist.render(context)
           ~~~~~~~~~~~~~~~~~~~~^^^^^^^^^
  File "/home/robbyone/Public/org/agentflow/.venv/lib/python3.14/site-packages/django/template/base.py", line 1091, in render
    return SafeString("".join([node.render_annotated(context) for node in self]))
                               ~~~~~~~~~~~~~~~~~~~~~^^^^^^^^^
  File "/home/robbyone/Public/org/agentflow/.venv/lib/python3.14/site-packages/django/template/base.py", line 1052, in render_annotated
    return self.render(context)
           ~~~~~~~~~~~^^^^^^^^^
  File "/home/robbyone/Public/org/agentflow/.venv/lib/python3.14/site-packages/django/template/loader_tags.py", line 66, in render
    result = block.nodelist.render(context)
  File "/home/robbyone/Public/org/agentflow/.venv/lib/python3.14/site-packages/django/template/base.py", line 1091, in render
    return SafeString("".join([node.render_annotated(context) for node in self]))
                               ~~~~~~~~~~~~~~~~~~~~~^^^^^^^^^
  File "/home/robbyone/Public/org/agentflow/.venv/lib/python3.14/site-packages/django/template/base.py", line 1052, in render_annotated
    return self.render(context)
           ~~~~~~~~~~~^^^^^^^^^
  File "/home/robbyone/Public/org/agentflow/.venv/lib/python3.14/site-packages/django/template/loader_tags.py", line 66, in render
    result = block.nodelist.render(context)
  File "/home/robbyone/Public/org/agentflow/.venv/lib/python3.14/site-packages/django/template/base.py", line 1091, in render
    return SafeString("".join([node.render_annotated(context) for node in self]))
                               ~~~~~~~~~~~~~~~~~~~~~^^^^^^^^^
  File "/home/robbyone/Public/org/agentflow/.venv/lib/python3.14/site-packages/django/template/base.py", line 1052, in render_annotated
    return self.render(context)
           ~~~~~~~~~~~^^^^^^^^^
  File "/home/robbyone/Public/org/agentflow/.venv/lib/python3.14/site-packages/django/template/loader_tags.py", line 66, in render
    result = block.nodelist.render(context)
  File "/home/robbyone/Public/org/agentflow/.venv/lib/python3.14/site-packages/django/template/base.py", line 1091, in render
    return SafeString("".join([node.render_annotated(context) for node in self]))
                               ~~~~~~~~~~~~~~~~~~~~~^^^^^^^^^
  File "/home/robbyone/Public/org/agentflow/.venv/lib/python3.14/site-packages/django/template/base.py", line 1052, in render_annotated
    return self.render(context)
           ~~~~~~~~~~~^^^^^^^^^
  File "/home/robbyone/Public/org/agentflow/.venv/lib/python3.14/site-packages/django/contrib/admin/templatetags/base.py", line 47, in render
    return super().render(context)
           ~~~~~~~~~~~~~~^^^^^^^^^
  File "/home/robbyone/Public/org/agentflow/.venv/lib/python3.14/site-packages/django/template/library.py", line 363, in render
    _dict = self.func(*resolved_args, **resolved_kwargs)
  File "/home/robbyone/Public/org/agentflow/.venv/lib/python3.14/site-packages/unfold/templatetags/unfold_list.py", line 396, in result_list
    "results": list(results(cl)),
               ~~~~^^^^^^^^^^^^^
  File "/home/robbyone/Public/org/agentflow/.venv/lib/python3.14/site-packages/unfold/templatetags/unfold_list.py", line 377, in results
    yield UnfoldResultList(res, None, items_for_result(cl, res, None))
          ~~~~~~~~~~~~~~~~^^^^^^^^^^^^^^^^^^^^^^^^^^^^^^^^^^^^^^^^^^^^
  File "/home/robbyone/Public/org/agentflow/.venv/lib/python3.14/site-packages/unfold/templatetags/unfold_list.py", line 368, in __init__
    super().__init__(form, *items)
    ~~~~~~~~~~~~~~~~^^^^^^^^^^^^^^
  File "/home/robbyone/Public/org/agentflow/.venv/lib/python3.14/site-packages/django/contrib/admin/templatetags/admin_list.py", line 324, in __init__
    super().__init__(*items)
    ~~~~~~~~~~~~~~~~^^^^^^^^
  File "/home/robbyone/Public/org/agentflow/.venv/lib/python3.14/site-packages/unfold/templatetags/unfold_list.py", line 230, in items_for_result
    f, attr, value = lookup_field(field_name, result, cl.model_admin)
                     ~~~~~~~~~~~~^^^^^^^^^^^^^^^^^^^^^^^^^^^^^^^^^^^^
  File "/home/robbyone/Public/org/agentflow/.venv/lib/python3.14/site-packages/django/contrib/admin/utils.py", line 302, in lookup_field
    value = attr(obj)
  File "/home/robbyone/Public/org/agentflow/purchases/admin.py", line 35, in total_amount_display
    return format_html(
        '<strong style="color:var(--af-green-light);">TSh {:,.0f}</strong>',
        obj.total_amount
    )
  File "/home/robbyone/Public/org/agentflow/.venv/lib/python3.14/site-packages/django/utils/html.py", line 140, in format_html
    return mark_safe(format_string.format(*args_safe, **kwargs_safe))
                     ~~~~~~~~~~~~~~~~~~~~^^^^^^^^^^^^^^^^^^^^^^^^^^^
ValueError: Unknown format code 'f' for object of type 'SafeString'
"GET /admin/purchases/purchaseorder/ HTTP/1.1" 500 541390
Internal Server Error: /admin/purchases/purchaseorder/
Traceback (most recent call last):
  File "/home/robbyone/Public/org/agentflow/.venv/lib/python3.14/site-packages/django/db/models/options.py", line 684, in get_field
    return self.fields_map[field_name]
           ~~~~~~~~~~~~~~~^^^^^^^^^^^^
KeyError: 'total_amount_display'

During handling of the above exception, another exception occurred:

Traceback (most recent call last):
  File "/home/robbyone/Public/org/agentflow/.venv/lib/python3.14/site-packages/django/contrib/admin/utils.py", line 293, in lookup_field
    f = _get_non_gfk_field(opts, name)
  File "/home/robbyone/Public/org/agentflow/.venv/lib/python3.14/site-packages/django/contrib/admin/utils.py", line 333, in _get_non_gfk_field
    field = opts.get_field(name)
  File "/home/robbyone/Public/org/agentflow/.venv/lib/python3.14/site-packages/django/db/models/options.py", line 686, in get_field
    raise FieldDoesNotExist(
        "%s has no field named '%s'" % (self.object_name, field_name)
    )
django.core.exceptions.FieldDoesNotExist: PurchaseOrder has no field named 'total_amount_display'

During handling of the above exception, another exception occurred:

Traceback (most recent call last):
  File "/home/robbyone/Public/org/agentflow/.venv/lib/python3.14/site-packages/django/core/handlers/exception.py", line 55, in inner
    response = get_response(request)
  File "/home/robbyone/Public/org/agentflow/.venv/lib/python3.14/site-packages/django/core/handlers/base.py", line 221, in _get_response
    response = response.render()
  File "/home/robbyone/Public/org/agentflow/.venv/lib/python3.14/site-packages/django/template/response.py", line 114, in render
    self.content = self.rendered_content
                   ^^^^^^^^^^^^^^^^^^^^^
  File "/home/robbyone/Public/org/agentflow/.venv/lib/python3.14/site-packages/django/template/response.py", line 92, in rendered_content
    return template.render(context, self._request)
           ~~~~~~~~~~~~~~~^^^^^^^^^^^^^^^^^^^^^^^^
  File "/home/robbyone/Public/org/agentflow/.venv/lib/python3.14/site-packages/django/template/backends/django.py", line 107, in render
    return self.template.render(context)
           ~~~~~~~~~~~~~~~~~~~~^^^^^^^^^
  File "/home/robbyone/Public/org/agentflow/.venv/lib/python3.14/site-packages/django/template/base.py", line 174, in render
    return self._render(context)
           ~~~~~~~~~~~~^^^^^^^^^
  File "/home/robbyone/Public/org/agentflow/.venv/lib/python3.14/site-packages/django/template/base.py", line 166, in _render
    return self.nodelist.render(context)
           ~~~~~~~~~~~~~~~~~~~~^^^^^^^^^
  File "/home/robbyone/Public/org/agentflow/.venv/lib/python3.14/site-packages/django/template/base.py", line 1091, in render
    return SafeString("".join([node.render_annotated(context) for node in self]))
                               ~~~~~~~~~~~~~~~~~~~~~^^^^^^^^^
  File "/home/robbyone/Public/org/agentflow/.venv/lib/python3.14/site-packages/django/template/base.py", line 1052, in render_annotated
    return self.render(context)
           ~~~~~~~~~~~^^^^^^^^^
  File "/home/robbyone/Public/org/agentflow/.venv/lib/python3.14/site-packages/django/template/loader_tags.py", line 160, in render
    return compiled_parent._render(context)
           ~~~~~~~~~~~~~~~~~~~~~~~^^^^^^^^^
  File "/home/robbyone/Public/org/agentflow/.venv/lib/python3.14/site-packages/django/template/base.py", line 166, in _render
    return self.nodelist.render(context)
           ~~~~~~~~~~~~~~~~~~~~^^^^^^^^^
  File "/home/robbyone/Public/org/agentflow/.venv/lib/python3.14/site-packages/django/template/base.py", line 1091, in render
    return SafeString("".join([node.render_annotated(context) for node in self]))
                               ~~~~~~~~~~~~~~~~~~~~~^^^^^^^^^
  File "/home/robbyone/Public/org/agentflow/.venv/lib/python3.14/site-packages/django/template/base.py", line 1052, in render_annotated
    return self.render(context)
           ~~~~~~~~~~~^^^^^^^^^
  File "/home/robbyone/Public/org/agentflow/.venv/lib/python3.14/site-packages/django/template/loader_tags.py", line 160, in render
    return compiled_parent._render(context)
           ~~~~~~~~~~~~~~~~~~~~~~~^^^^^^^^^
  File "/home/robbyone/Public/org/agentflow/.venv/lib/python3.14/site-packages/django/template/base.py", line 166, in _render
    return self.nodelist.render(context)
           ~~~~~~~~~~~~~~~~~~~~^^^^^^^^^
  File "/home/robbyone/Public/org/agentflow/.venv/lib/python3.14/site-packages/django/template/base.py", line 1091, in render
    return SafeString("".join([node.render_annotated(context) for node in self]))
                               ~~~~~~~~~~~~~~~~~~~~~^^^^^^^^^
  File "/home/robbyone/Public/org/agentflow/.venv/lib/python3.14/site-packages/django/template/base.py", line 1052, in render_annotated
    return self.render(context)
           ~~~~~~~~~~~^^^^^^^^^
  File "/home/robbyone/Public/org/agentflow/.venv/lib/python3.14/site-packages/django/template/loader_tags.py", line 160, in render
    return compiled_parent._render(context)
           ~~~~~~~~~~~~~~~~~~~~~~~^^^^^^^^^
  File "/home/robbyone/Public/org/agentflow/.venv/lib/python3.14/site-packages/django/template/base.py", line 166, in _render
    return self.nodelist.render(context)
           ~~~~~~~~~~~~~~~~~~~~^^^^^^^^^
  File "/home/robbyone/Public/org/agentflow/.venv/lib/python3.14/site-packages/django/template/base.py", line 1091, in render
    return SafeString("".join([node.render_annotated(context) for node in self]))
                               ~~~~~~~~~~~~~~~~~~~~~^^^^^^^^^
  File "/home/robbyone/Public/org/agentflow/.venv/lib/python3.14/site-packages/django/template/base.py", line 1052, in render_annotated
    return self.render(context)
           ~~~~~~~~~~~^^^^^^^^^
  File "/home/robbyone/Public/org/agentflow/.venv/lib/python3.14/site-packages/django/template/loader_tags.py", line 66, in render
    result = block.nodelist.render(context)
  File "/home/robbyone/Public/org/agentflow/.venv/lib/python3.14/site-packages/django/template/base.py", line 1091, in render
    return SafeString("".join([node.render_annotated(context) for node in self]))
                               ~~~~~~~~~~~~~~~~~~~~~^^^^^^^^^
  File "/home/robbyone/Public/org/agentflow/.venv/lib/python3.14/site-packages/django/template/base.py", line 1052, in render_annotated
    return self.render(context)
           ~~~~~~~~~~~^^^^^^^^^
  File "/home/robbyone/Public/org/agentflow/.venv/lib/python3.14/site-packages/django/template/loader_tags.py", line 66, in render
    result = block.nodelist.render(context)
  File "/home/robbyone/Public/org/agentflow/.venv/lib/python3.14/site-packages/django/template/base.py", line 1091, in render
    return SafeString("".join([node.render_annotated(context) for node in self]))
                               ~~~~~~~~~~~~~~~~~~~~~^^^^^^^^^
  File "/home/robbyone/Public/org/agentflow/.venv/lib/python3.14/site-packages/django/template/base.py", line 1052, in render_annotated
    return self.render(context)
           ~~~~~~~~~~~^^^^^^^^^
  File "/home/robbyone/Public/org/agentflow/.venv/lib/python3.14/site-packages/django/template/loader_tags.py", line 66, in render
    result = block.nodelist.render(context)
  File "/home/robbyone/Public/org/agentflow/.venv/lib/python3.14/site-packages/django/template/base.py", line 1091, in render
    return SafeString("".join([node.render_annotated(context) for node in self]))
                               ~~~~~~~~~~~~~~~~~~~~~^^^^^^^^^
  File "/home/robbyone/Public/org/agentflow/.venv/lib/python3.14/site-packages/django/template/base.py", line 1052, in render_annotated
    return self.render(context)
           ~~~~~~~~~~~^^^^^^^^^
  File "/home/robbyone/Public/org/agentflow/.venv/lib/python3.14/site-packages/django/contrib/admin/templatetags/base.py", line 47, in render
    return super().render(context)
           ~~~~~~~~~~~~~~^^^^^^^^^
  File "/home/robbyone/Public/org/agentflow/.venv/lib/python3.14/site-packages/django/template/library.py", line 363, in render
    _dict = self.func(*resolved_args, **resolved_kwargs)
  File "/home/robbyone/Public/org/agentflow/.venv/lib/python3.14/site-packages/unfold/templatetags/unfold_list.py", line 396, in result_list
    "results": list(results(cl)),
               ~~~~^^^^^^^^^^^^^
  File "/home/robbyone/Public/org/agentflow/.venv/lib/python3.14/site-packages/unfold/templatetags/unfold_list.py", line 377, in results
    yield UnfoldResultList(res, None, items_for_result(cl, res, None))
          ~~~~~~~~~~~~~~~~^^^^^^^^^^^^^^^^^^^^^^^^^^^^^^^^^^^^^^^^^^^^
  File "/home/robbyone/Public/org/agentflow/.venv/lib/python3.14/site-packages/unfold/templatetags/unfold_list.py", line 368, in __init__
    super().__init__(form, *items)
    ~~~~~~~~~~~~~~~~^^^^^^^^^^^^^^
  File "/home/robbyone/Public/org/agentflow/.venv/lib/python3.14/site-packages/django/contrib/admin/templatetags/admin_list.py", line 324, in __init__
    super().__init__(*items)
    ~~~~~~~~~~~~~~~~^^^^^^^^
  File "/home/robbyone/Public/org/agentflow/.venv/lib/python3.14/site-packages/unfold/templatetags/unfold_list.py", line 230, in items_for_result
    f, attr, value = lookup_field(field_name, result, cl.model_admin)
                     ~~~~~~~~~~~~^^^^^^^^^^^^^^^^^^^^^^^^^^^^^^^^^^^^
  File "/home/robbyone/Public/org/agentflow/.venv/lib/python3.14/site-packages/django/contrib/admin/utils.py", line 302, in lookup_field
    value = attr(obj)
  File "/home/robbyone/Public/org/agentflow/purchases/admin.py", line 35, in total_amount_display
    return format_html(
        '<strong style="color:var(--af-green-light);">TSh {:,.0f}</strong>',
        obj.total_amount
    )
  File "/home/robbyone/Public/org/agentflow/.venv/lib/python3.14/site-packages/django/utils/html.py", line 140, in format_html
    return mark_safe(format_string.format(*args_safe, **kwargs_safe))
                     ~~~~~~~~~~~~~~~~~~~~^^^^^^^^^^^^^^^^^^^^^^^^^^^
ValueError: Unknown format code 'f' for object of type 'SafeString'
"GET /admin/purchases/purchaseorder/ HTTP/1.1" 500 541407
Internal Server Error: /admin/inventory/product/
Traceback (most recent call last):
  File "/home/robbyone/Public/org/agentflow/.venv/lib/python3.14/site-packages/django/db/models/options.py", line 684, in get_field
    return self.fields_map[field_name]
           ~~~~~~~~~~~~~~~^^^^^^^^^^^^
KeyError: 'selling_price_display'

During handling of the above exception, another exception occurred:

Traceback (most recent call last):
  File "/home/robbyone/Public/org/agentflow/.venv/lib/python3.14/site-packages/django/contrib/admin/utils.py", line 293, in lookup_field
    f = _get_non_gfk_field(opts, name)
  File "/home/robbyone/Public/org/agentflow/.venv/lib/python3.14/site-packages/django/contrib/admin/utils.py", line 333, in _get_non_gfk_field
    field = opts.get_field(name)
  File "/home/robbyone/Public/org/agentflow/.venv/lib/python3.14/site-packages/django/db/models/options.py", line 686, in get_field
    raise FieldDoesNotExist(
        "%s has no field named '%s'" % (self.object_name, field_name)
    )
django.core.exceptions.FieldDoesNotExist: Product has no field named 'selling_price_display'

During handling of the above exception, another exception occurred:

Traceback (most recent call last):
  File "/home/robbyone/Public/org/agentflow/.venv/lib/python3.14/site-packages/django/core/handlers/exception.py", line 55, in inner
    response = get_response(request)
  File "/home/robbyone/Public/org/agentflow/.venv/lib/python3.14/site-packages/django/core/handlers/base.py", line 221, in _get_response
    response = response.render()
  File "/home/robbyone/Public/org/agentflow/.venv/lib/python3.14/site-packages/django/template/response.py", line 114, in render
    self.content = self.rendered_content
                   ^^^^^^^^^^^^^^^^^^^^^
  File "/home/robbyone/Public/org/agentflow/.venv/lib/python3.14/site-packages/django/template/response.py", line 92, in rendered_content
    return template.render(context, self._request)
           ~~~~~~~~~~~~~~~^^^^^^^^^^^^^^^^^^^^^^^^
  File "/home/robbyone/Public/org/agentflow/.venv/lib/python3.14/site-packages/django/template/backends/django.py", line 107, in render
    return self.template.render(context)
           ~~~~~~~~~~~~~~~~~~~~^^^^^^^^^
  File "/home/robbyone/Public/org/agentflow/.venv/lib/python3.14/site-packages/django/template/base.py", line 174, in render
    return self._render(context)
           ~~~~~~~~~~~~^^^^^^^^^
  File "/home/robbyone/Public/org/agentflow/.venv/lib/python3.14/site-packages/django/template/base.py", line 166, in _render
    return self.nodelist.render(context)
           ~~~~~~~~~~~~~~~~~~~~^^^^^^^^^
  File "/home/robbyone/Public/org/agentflow/.venv/lib/python3.14/site-packages/django/template/base.py", line 1091, in render
    return SafeString("".join([node.render_annotated(context) for node in self]))
                               ~~~~~~~~~~~~~~~~~~~~~^^^^^^^^^
  File "/home/robbyone/Public/org/agentflow/.venv/lib/python3.14/site-packages/django/template/base.py", line 1052, in render_annotated
    return self.render(context)
           ~~~~~~~~~~~^^^^^^^^^
  File "/home/robbyone/Public/org/agentflow/.venv/lib/python3.14/site-packages/django/template/loader_tags.py", line 160, in render
    return compiled_parent._render(context)
           ~~~~~~~~~~~~~~~~~~~~~~~^^^^^^^^^
  File "/home/robbyone/Public/org/agentflow/.venv/lib/python3.14/site-packages/django/template/base.py", line 166, in _render
    return self.nodelist.render(context)
           ~~~~~~~~~~~~~~~~~~~~^^^^^^^^^
  File "/home/robbyone/Public/org/agentflow/.venv/lib/python3.14/site-packages/django/template/base.py", line 1091, in render
    return SafeString("".join([node.render_annotated(context) for node in self]))
                               ~~~~~~~~~~~~~~~~~~~~~^^^^^^^^^
  File "/home/robbyone/Public/org/agentflow/.venv/lib/python3.14/site-packages/django/template/base.py", line 1052, in render_annotated
    return self.render(context)
           ~~~~~~~~~~~^^^^^^^^^
  File "/home/robbyone/Public/org/agentflow/.venv/lib/python3.14/site-packages/django/template/loader_tags.py", line 160, in render
    return compiled_parent._render(context)
           ~~~~~~~~~~~~~~~~~~~~~~~^^^^^^^^^
  File "/home/robbyone/Public/org/agentflow/.venv/lib/python3.14/site-packages/django/template/base.py", line 166, in _render
    return self.nodelist.render(context)
           ~~~~~~~~~~~~~~~~~~~~^^^^^^^^^
  File "/home/robbyone/Public/org/agentflow/.venv/lib/python3.14/site-packages/django/template/base.py", line 1091, in render
    return SafeString("".join([node.render_annotated(context) for node in self]))
                               ~~~~~~~~~~~~~~~~~~~~~^^^^^^^^^
  File "/home/robbyone/Public/org/agentflow/.venv/lib/python3.14/site-packages/django/template/base.py", line 1052, in render_annotated
    return self.render(context)
           ~~~~~~~~~~~^^^^^^^^^
  File "/home/robbyone/Public/org/agentflow/.venv/lib/python3.14/site-packages/django/template/loader_tags.py", line 160, in render
    return compiled_parent._render(context)
           ~~~~~~~~~~~~~~~~~~~~~~~^^^^^^^^^
  File "/home/robbyone/Public/org/agentflow/.venv/lib/python3.14/site-packages/django/template/base.py", line 166, in _render
    return self.nodelist.render(context)
           ~~~~~~~~~~~~~~~~~~~~^^^^^^^^^
  File "/home/robbyone/Public/org/agentflow/.venv/lib/python3.14/site-packages/django/template/base.py", line 1091, in render
    return SafeString("".join([node.render_annotated(context) for node in self]))
                               ~~~~~~~~~~~~~~~~~~~~~^^^^^^^^^
  File "/home/robbyone/Public/org/agentflow/.venv/lib/python3.14/site-packages/django/template/base.py", line 1052, in render_annotated
    return self.render(context)
           ~~~~~~~~~~~^^^^^^^^^
  File "/home/robbyone/Public/org/agentflow/.venv/lib/python3.14/site-packages/django/template/loader_tags.py", line 66, in render
    result = block.nodelist.render(context)
  File "/home/robbyone/Public/org/agentflow/.venv/lib/python3.14/site-packages/django/template/base.py", line 1091, in render
    return SafeString("".join([node.render_annotated(context) for node in self]))
                               ~~~~~~~~~~~~~~~~~~~~~^^^^^^^^^
  File "/home/robbyone/Public/org/agentflow/.venv/lib/python3.14/site-packages/django/template/base.py", line 1052, in render_annotated
    return self.render(context)
           ~~~~~~~~~~~^^^^^^^^^
  File "/home/robbyone/Public/org/agentflow/.venv/lib/python3.14/site-packages/django/template/loader_tags.py", line 66, in render
    result = block.nodelist.render(context)
  File "/home/robbyone/Public/org/agentflow/.venv/lib/python3.14/site-packages/django/template/base.py", line 1091, in render
    return SafeString("".join([node.render_annotated(context) for node in self]))
                               ~~~~~~~~~~~~~~~~~~~~~^^^^^^^^^
  File "/home/robbyone/Public/org/agentflow/.venv/lib/python3.14/site-packages/django/template/base.py", line 1052, in render_annotated
    return self.render(context)
           ~~~~~~~~~~~^^^^^^^^^
  File "/home/robbyone/Public/org/agentflow/.venv/lib/python3.14/site-packages/django/template/loader_tags.py", line 66, in render
    result = block.nodelist.render(context)
  File "/home/robbyone/Public/org/agentflow/.venv/lib/python3.14/site-packages/django/template/base.py", line 1091, in render
    return SafeString("".join([node.render_annotated(context) for node in self]))
                               ~~~~~~~~~~~~~~~~~~~~~^^^^^^^^^
  File "/home/robbyone/Public/org/agentflow/.venv/lib/python3.14/site-packages/django/template/base.py", line 1052, in render_annotated
    return self.render(context)
           ~~~~~~~~~~~^^^^^^^^^
  File "/home/robbyone/Public/org/agentflow/.venv/lib/python3.14/site-packages/django/contrib/admin/templatetags/base.py", line 47, in render
    return super().render(context)
           ~~~~~~~~~~~~~~^^^^^^^^^
  File "/home/robbyone/Public/org/agentflow/.venv/lib/python3.14/site-packages/django/template/library.py", line 363, in render
    _dict = self.func(*resolved_args, **resolved_kwargs)
  File "/home/robbyone/Public/org/agentflow/.venv/lib/python3.14/site-packages/unfold/templatetags/unfold_list.py", line 396, in result_list
    "results": list(results(cl)),
               ~~~~^^^^^^^^^^^^^
  File "/home/robbyone/Public/org/agentflow/.venv/lib/python3.14/site-packages/unfold/templatetags/unfold_list.py", line 377, in results
    yield UnfoldResultList(res, None, items_for_result(cl, res, None))
          ~~~~~~~~~~~~~~~~^^^^^^^^^^^^^^^^^^^^^^^^^^^^^^^^^^^^^^^^^^^^
  File "/home/robbyone/Public/org/agentflow/.venv/lib/python3.14/site-packages/unfold/templatetags/unfold_list.py", line 368, in __init__
    super().__init__(form, *items)
    ~~~~~~~~~~~~~~~~^^^^^^^^^^^^^^
  File "/home/robbyone/Public/org/agentflow/.venv/lib/python3.14/site-packages/django/contrib/admin/templatetags/admin_list.py", line 324, in __init__
    super().__init__(*items)
    ~~~~~~~~~~~~~~~~^^^^^^^^
  File "/home/robbyone/Public/org/agentflow/.venv/lib/python3.14/site-packages/unfold/templatetags/unfold_list.py", line 230, in items_for_result
    f, attr, value = lookup_field(field_name, result, cl.model_admin)
                     ~~~~~~~~~~~~^^^^^^^^^^^^^^^^^^^^^^^^^^^^^^^^^^^^
  File "/home/robbyone/Public/org/agentflow/.venv/lib/python3.14/site-packages/django/contrib/admin/utils.py", line 302, in lookup_field
    value = attr(obj)
  File "/home/robbyone/Public/org/agentflow/inventory/admin.py", line 67, in selling_price_display
    return format_html(
        '<strong style="color:var(--af-green-light);">TSh {:,.0f}</strong>',
        obj.selling_price or 0
    )
  File "/home/robbyone/Public/org/agentflow/.venv/lib/python3.14/site-packages/django/utils/html.py", line 140, in format_html
    return mark_safe(format_string.format(*args_safe, **kwargs_safe))
                     ~~~~~~~~~~~~~~~~~~~~^^^^^^^^^^^^^^^^^^^^^^^^^^^
ValueError: Unknown format code 'f' for object of type 'SafeString'
"GET /admin/inventory/product/ HTTP/1.1" 500 543612
Internal Server Error: /admin/inventory/product/
Traceback (most recent call last):
  File "/home/robbyone/Public/org/agentflow/.venv/lib/python3.14/site-packages/django/db/models/options.py", line 684, in get_field
    return self.fields_map[field_name]
           ~~~~~~~~~~~~~~~^^^^^^^^^^^^
KeyError: 'selling_price_display'

During handling of the above exception, another exception occurred:

Traceback (most recent call last):
  File "/home/robbyone/Public/org/agentflow/.venv/lib/python3.14/site-packages/django/contrib/admin/utils.py", line 293, in lookup_field
    f = _get_non_gfk_field(opts, name)
  File "/home/robbyone/Public/org/agentflow/.venv/lib/python3.14/site-packages/django/contrib/admin/utils.py", line 333, in _get_non_gfk_field
    field = opts.get_field(name)
  File "/home/robbyone/Public/org/agentflow/.venv/lib/python3.14/site-packages/django/db/models/options.py", line 686, in get_field
    raise FieldDoesNotExist(
        "%s has no field named '%s'" % (self.object_name, field_name)
    )
django.core.exceptions.FieldDoesNotExist: Product has no field named 'selling_price_display'

During handling of the above exception, another exception occurred:

Traceback (most recent call last):
  File "/home/robbyone/Public/org/agentflow/.venv/lib/python3.14/site-packages/django/core/handlers/exception.py", line 55, in inner
    response = get_response(request)
  File "/home/robbyone/Public/org/agentflow/.venv/lib/python3.14/site-packages/django/core/handlers/base.py", line 221, in _get_response
    response = response.render()
  File "/home/robbyone/Public/org/agentflow/.venv/lib/python3.14/site-packages/django/template/response.py", line 114, in render
    self.content = self.rendered_content
                   ^^^^^^^^^^^^^^^^^^^^^
  File "/home/robbyone/Public/org/agentflow/.venv/lib/python3.14/site-packages/django/template/response.py", line 92, in rendered_content
    return template.render(context, self._request)
           ~~~~~~~~~~~~~~~^^^^^^^^^^^^^^^^^^^^^^^^
  File "/home/robbyone/Public/org/agentflow/.venv/lib/python3.14/site-packages/django/template/backends/django.py", line 107, in render
    return self.template.render(context)
           ~~~~~~~~~~~~~~~~~~~~^^^^^^^^^
  File "/home/robbyone/Public/org/agentflow/.venv/lib/python3.14/site-packages/django/template/base.py", line 174, in render
    return self._render(context)
           ~~~~~~~~~~~~^^^^^^^^^
  File "/home/robbyone/Public/org/agentflow/.venv/lib/python3.14/site-packages/django/template/base.py", line 166, in _render
    return self.nodelist.render(context)
           ~~~~~~~~~~~~~~~~~~~~^^^^^^^^^
  File "/home/robbyone/Public/org/agentflow/.venv/lib/python3.14/site-packages/django/template/base.py", line 1091, in render
    return SafeString("".join([node.render_annotated(context) for node in self]))
                               ~~~~~~~~~~~~~~~~~~~~~^^^^^^^^^
  File "/home/robbyone/Public/org/agentflow/.venv/lib/python3.14/site-packages/django/template/base.py", line 1052, in render_annotated
    return self.render(context)
           ~~~~~~~~~~~^^^^^^^^^
  File "/home/robbyone/Public/org/agentflow/.venv/lib/python3.14/site-packages/django/template/loader_tags.py", line 160, in render
    return compiled_parent._render(context)
           ~~~~~~~~~~~~~~~~~~~~~~~^^^^^^^^^
  File "/home/robbyone/Public/org/agentflow/.venv/lib/python3.14/site-packages/django/template/base.py", line 166, in _render
    return self.nodelist.render(context)
           ~~~~~~~~~~~~~~~~~~~~^^^^^^^^^
  File "/home/robbyone/Public/org/agentflow/.venv/lib/python3.14/site-packages/django/template/base.py", line 1091, in render
    return SafeString("".join([node.render_annotated(context) for node in self]))
                               ~~~~~~~~~~~~~~~~~~~~~^^^^^^^^^
  File "/home/robbyone/Public/org/agentflow/.venv/lib/python3.14/site-packages/django/template/base.py", line 1052, in render_annotated
    return self.render(context)
           ~~~~~~~~~~~^^^^^^^^^
  File "/home/robbyone/Public/org/agentflow/.venv/lib/python3.14/site-packages/django/template/loader_tags.py", line 160, in render
    return compiled_parent._render(context)
           ~~~~~~~~~~~~~~~~~~~~~~~^^^^^^^^^
  File "/home/robbyone/Public/org/agentflow/.venv/lib/python3.14/site-packages/django/template/base.py", line 166, in _render
    return self.nodelist.render(context)
           ~~~~~~~~~~~~~~~~~~~~^^^^^^^^^
  File "/home/robbyone/Public/org/agentflow/.venv/lib/python3.14/site-packages/django/template/base.py", line 1091, in render
    return SafeString("".join([node.render_annotated(context) for node in self]))
                               ~~~~~~~~~~~~~~~~~~~~~^^^^^^^^^
  File "/home/robbyone/Public/org/agentflow/.venv/lib/python3.14/site-packages/django/template/base.py", line 1052, in render_annotated
    return self.render(context)
           ~~~~~~~~~~~^^^^^^^^^
  File "/home/robbyone/Public/org/agentflow/.venv/lib/python3.14/site-packages/django/template/loader_tags.py", line 160, in render
    return compiled_parent._render(context)
           ~~~~~~~~~~~~~~~~~~~~~~~^^^^^^^^^
  File "/home/robbyone/Public/org/agentflow/.venv/lib/python3.14/site-packages/django/template/base.py", line 166, in _render
    return self.nodelist.render(context)
           ~~~~~~~~~~~~~~~~~~~~^^^^^^^^^
  File "/home/robbyone/Public/org/agentflow/.venv/lib/python3.14/site-packages/django/template/base.py", line 1091, in render
    return SafeString("".join([node.render_annotated(context) for node in self]))
                               ~~~~~~~~~~~~~~~~~~~~~^^^^^^^^^
  File "/home/robbyone/Public/org/agentflow/.venv/lib/python3.14/site-packages/django/template/base.py", line 1052, in render_annotated
    return self.render(context)
           ~~~~~~~~~~~^^^^^^^^^
  File "/home/robbyone/Public/org/agentflow/.venv/lib/python3.14/site-packages/django/template/loader_tags.py", line 66, in render
    result = block.nodelist.render(context)
  File "/home/robbyone/Public/org/agentflow/.venv/lib/python3.14/site-packages/django/template/base.py", line 1091, in render
    return SafeString("".join([node.render_annotated(context) for node in self]))
                               ~~~~~~~~~~~~~~~~~~~~~^^^^^^^^^
  File "/home/robbyone/Public/org/agentflow/.venv/lib/python3.14/site-packages/django/template/base.py", line 1052, in render_annotated
    return self.render(context)
           ~~~~~~~~~~~^^^^^^^^^
  File "/home/robbyone/Public/org/agentflow/.venv/lib/python3.14/site-packages/django/template/loader_tags.py", line 66, in render
    result = block.nodelist.render(context)
  File "/home/robbyone/Public/org/agentflow/.venv/lib/python3.14/site-packages/django/template/base.py", line 1091, in render
    return SafeString("".join([node.render_annotated(context) for node in self]))
                               ~~~~~~~~~~~~~~~~~~~~~^^^^^^^^^
  File "/home/robbyone/Public/org/agentflow/.venv/lib/python3.14/site-packages/django/template/base.py", line 1052, in render_annotated
    return self.render(context)
           ~~~~~~~~~~~^^^^^^^^^
  File "/home/robbyone/Public/org/agentflow/.venv/lib/python3.14/site-packages/django/template/loader_tags.py", line 66, in render
    result = block.nodelist.render(context)
  File "/home/robbyone/Public/org/agentflow/.venv/lib/python3.14/site-packages/django/template/base.py", line 1091, in render
    return SafeString("".join([node.render_annotated(context) for node in self]))
                               ~~~~~~~~~~~~~~~~~~~~~^^^^^^^^^
  File "/home/robbyone/Public/org/agentflow/.venv/lib/python3.14/site-packages/django/template/base.py", line 1052, in render_annotated
    return self.render(context)
           ~~~~~~~~~~~^^^^^^^^^
  File "/home/robbyone/Public/org/agentflow/.venv/lib/python3.14/site-packages/django/contrib/admin/templatetags/base.py", line 47, in render
    return super().render(context)
           ~~~~~~~~~~~~~~^^^^^^^^^
  File "/home/robbyone/Public/org/agentflow/.venv/lib/python3.14/site-packages/django/template/library.py", line 363, in render
    _dict = self.func(*resolved_args, **resolved_kwargs)
  File "/home/robbyone/Public/org/agentflow/.venv/lib/python3.14/site-packages/unfold/templatetags/unfold_list.py", line 396, in result_list
    "results": list(results(cl)),
               ~~~~^^^^^^^^^^^^^
  File "/home/robbyone/Public/org/agentflow/.venv/lib/python3.14/site-packages/unfold/templatetags/unfold_list.py", line 377, in results
    yield UnfoldResultList(res, None, items_for_result(cl, res, None))
          ~~~~~~~~~~~~~~~~^^^^^^^^^^^^^^^^^^^^^^^^^^^^^^^^^^^^^^^^^^^^
  File "/home/robbyone/Public/org/agentflow/.venv/lib/python3.14/site-packages/unfold/templatetags/unfold_list.py", line 368, in __init__
    super().__init__(form, *items)
    ~~~~~~~~~~~~~~~~^^^^^^^^^^^^^^
  File "/home/robbyone/Public/org/agentflow/.venv/lib/python3.14/site-packages/django/contrib/admin/templatetags/admin_list.py", line 324, in __init__
    super().__init__(*items)
    ~~~~~~~~~~~~~~~~^^^^^^^^
  File "/home/robbyone/Public/org/agentflow/.venv/lib/python3.14/site-packages/unfold/templatetags/unfold_list.py", line 230, in items_for_result
    f, attr, value = lookup_field(field_name, result, cl.model_admin)
                     ~~~~~~~~~~~~^^^^^^^^^^^^^^^^^^^^^^^^^^^^^^^^^^^^
  File "/home/robbyone/Public/org/agentflow/.venv/lib/python3.14/site-packages/django/contrib/admin/utils.py", line 302, in lookup_field
    value = attr(obj)
  File "/home/robbyone/Public/org/agentflow/inventory/admin.py", line 67, in selling_price_display
    return format_html(
        '<strong style="color:var(--af-green-light);">TSh {:,.0f}</strong>',
        float(obj.selling_price or 0)
    )
  File "/home/robbyone/Public/org/agentflow/.venv/lib/python3.14/site-packages/django/utils/html.py", line 140, in format_html
    return mark_safe(format_string.format(*args_safe, **kwargs_safe))
                     ~~~~~~~~~~~~~~~~~~~~^^^^^^^^^^^^^^^^^^^^^^^^^^^
ValueError: Unknown format code 'f' for object of type 'SafeString'
"GET /admin/inventory/product/ HTTP/1.1" 500 543734
Internal Server Error: /admin/sales/sale/
Traceback (most recent call last):
  File "/home/robbyone/Public/org/agentflow/.venv/lib/python3.14/site-packages/django/db/models/options.py", line 684, in get_field
    return self.fields_map[field_name]
           ~~~~~~~~~~~~~~~^^^^^^^^^^^^
KeyError: 'total_amount_display'

During handling of the above exception, another exception occurred:

Traceback (most recent call last):
  File "/home/robbyone/Public/org/agentflow/.venv/lib/python3.14/site-packages/django/contrib/admin/utils.py", line 293, in lookup_field
    f = _get_non_gfk_field(opts, name)
  File "/home/robbyone/Public/org/agentflow/.venv/lib/python3.14/site-packages/django/contrib/admin/utils.py", line 333, in _get_non_gfk_field
    field = opts.get_field(name)
  File "/home/robbyone/Public/org/agentflow/.venv/lib/python3.14/site-packages/django/db/models/options.py", line 686, in get_field
    raise FieldDoesNotExist(
        "%s has no field named '%s'" % (self.object_name, field_name)
    )
django.core.exceptions.FieldDoesNotExist: Sale has no field named 'total_amount_display'

During handling of the above exception, another exception occurred:

Traceback (most recent call last):
  File "/home/robbyone/Public/org/agentflow/.venv/lib/python3.14/site-packages/django/core/handlers/exception.py", line 55, in inner
    response = get_response(request)
  File "/home/robbyone/Public/org/agentflow/.venv/lib/python3.14/site-packages/django/core/handlers/base.py", line 221, in _get_response
    response = response.render()
  File "/home/robbyone/Public/org/agentflow/.venv/lib/python3.14/site-packages/django/template/response.py", line 114, in render
    self.content = self.rendered_content
                   ^^^^^^^^^^^^^^^^^^^^^
  File "/home/robbyone/Public/org/agentflow/.venv/lib/python3.14/site-packages/django/template/response.py", line 92, in rendered_content
    return template.render(context, self._request)
           ~~~~~~~~~~~~~~~^^^^^^^^^^^^^^^^^^^^^^^^
  File "/home/robbyone/Public/org/agentflow/.venv/lib/python3.14/site-packages/django/template/backends/django.py", line 107, in render
    return self.template.render(context)
           ~~~~~~~~~~~~~~~~~~~~^^^^^^^^^
  File "/home/robbyone/Public/org/agentflow/.venv/lib/python3.14/site-packages/django/template/base.py", line 174, in render
    return self._render(context)
           ~~~~~~~~~~~~^^^^^^^^^
  File "/home/robbyone/Public/org/agentflow/.venv/lib/python3.14/site-packages/django/template/base.py", line 166, in _render
    return self.nodelist.render(context)
           ~~~~~~~~~~~~~~~~~~~~^^^^^^^^^
  File "/home/robbyone/Public/org/agentflow/.venv/lib/python3.14/site-packages/django/template/base.py", line 1091, in render
    return SafeString("".join([node.render_annotated(context) for node in self]))
                               ~~~~~~~~~~~~~~~~~~~~~^^^^^^^^^
  File "/home/robbyone/Public/org/agentflow/.venv/lib/python3.14/site-packages/django/template/base.py", line 1052, in render_annotated
    return self.render(context)
           ~~~~~~~~~~~^^^^^^^^^
  File "/home/robbyone/Public/org/agentflow/.venv/lib/python3.14/site-packages/django/template/loader_tags.py", line 160, in render
    return compiled_parent._render(context)
           ~~~~~~~~~~~~~~~~~~~~~~~^^^^^^^^^
  File "/home/robbyone/Public/org/agentflow/.venv/lib/python3.14/site-packages/django/template/base.py", line 166, in _render
    return self.nodelist.render(context)
           ~~~~~~~~~~~~~~~~~~~~^^^^^^^^^
  File "/home/robbyone/Public/org/agentflow/.venv/lib/python3.14/site-packages/django/template/base.py", line 1091, in render
    return SafeString("".join([node.render_annotated(context) for node in self]))
                               ~~~~~~~~~~~~~~~~~~~~~^^^^^^^^^
  File "/home/robbyone/Public/org/agentflow/.venv/lib/python3.14/site-packages/django/template/base.py", line 1052, in render_annotated
    return self.render(context)
           ~~~~~~~~~~~^^^^^^^^^
  File "/home/robbyone/Public/org/agentflow/.venv/lib/python3.14/site-packages/django/template/loader_tags.py", line 160, in render
    return compiled_parent._render(context)
           ~~~~~~~~~~~~~~~~~~~~~~~^^^^^^^^^
  File "/home/robbyone/Public/org/agentflow/.venv/lib/python3.14/site-packages/django/template/base.py", line 166, in _render
    return self.nodelist.render(context)
           ~~~~~~~~~~~~~~~~~~~~^^^^^^^^^
  File "/home/robbyone/Public/org/agentflow/.venv/lib/python3.14/site-packages/django/template/base.py", line 1091, in render
    return SafeString("".join([node.render_annotated(context) for node in self]))
                               ~~~~~~~~~~~~~~~~~~~~~^^^^^^^^^
  File "/home/robbyone/Public/org/agentflow/.venv/lib/python3.14/site-packages/django/template/base.py", line 1052, in render_annotated
    return self.render(context)
           ~~~~~~~~~~~^^^^^^^^^
  File "/home/robbyone/Public/org/agentflow/.venv/lib/python3.14/site-packages/django/template/loader_tags.py", line 160, in render
    return compiled_parent._render(context)
           ~~~~~~~~~~~~~~~~~~~~~~~^^^^^^^^^
  File "/home/robbyone/Public/org/agentflow/.venv/lib/python3.14/site-packages/django/template/base.py", line 166, in _render
    return self.nodelist.render(context)
           ~~~~~~~~~~~~~~~~~~~~^^^^^^^^^
  File "/home/robbyone/Public/org/agentflow/.venv/lib/python3.14/site-packages/django/template/base.py", line 1091, in render
    return SafeString("".join([node.render_annotated(context) for node in self]))
                               ~~~~~~~~~~~~~~~~~~~~~^^^^^^^^^
  File "/home/robbyone/Public/org/agentflow/.venv/lib/python3.14/site-packages/django/template/base.py", line 1052, in render_annotated
    return self.render(context)
           ~~~~~~~~~~~^^^^^^^^^
  File "/home/robbyone/Public/org/agentflow/.venv/lib/python3.14/site-packages/django/template/loader_tags.py", line 66, in render
    result = block.nodelist.render(context)
  File "/home/robbyone/Public/org/agentflow/.venv/lib/python3.14/site-packages/django/template/base.py", line 1091, in render
    return SafeString("".join([node.render_annotated(context) for node in self]))
                               ~~~~~~~~~~~~~~~~~~~~~^^^^^^^^^
  File "/home/robbyone/Public/org/agentflow/.venv/lib/python3.14/site-packages/django/template/base.py", line 1052, in render_annotated
    return self.render(context)
           ~~~~~~~~~~~^^^^^^^^^
  File "/home/robbyone/Public/org/agentflow/.venv/lib/python3.14/site-packages/django/template/loader_tags.py", line 66, in render
    result = block.nodelist.render(context)
  File "/home/robbyone/Public/org/agentflow/.venv/lib/python3.14/site-packages/django/template/base.py", line 1091, in render
    return SafeString("".join([node.render_annotated(context) for node in self]))
                               ~~~~~~~~~~~~~~~~~~~~~^^^^^^^^^
  File "/home/robbyone/Public/org/agentflow/.venv/lib/python3.14/site-packages/django/template/base.py", line 1052, in render_annotated
    return self.render(context)
           ~~~~~~~~~~~^^^^^^^^^
  File "/home/robbyone/Public/org/agentflow/.venv/lib/python3.14/site-packages/django/template/loader_tags.py", line 66, in render
    result = block.nodelist.render(context)
  File "/home/robbyone/Public/org/agentflow/.venv/lib/python3.14/site-packages/django/template/base.py", line 1091, in render
    return SafeString("".join([node.render_annotated(context) for node in self]))
                               ~~~~~~~~~~~~~~~~~~~~~^^^^^^^^^
  File "/home/robbyone/Public/org/agentflow/.venv/lib/python3.14/site-packages/django/template/base.py", line 1052, in render_annotated
    return self.render(context)
           ~~~~~~~~~~~^^^^^^^^^
  File "/home/robbyone/Public/org/agentflow/.venv/lib/python3.14/site-packages/django/contrib/admin/templatetags/base.py", line 47, in render
    return super().render(context)
           ~~~~~~~~~~~~~~^^^^^^^^^
  File "/home/robbyone/Public/org/agentflow/.venv/lib/python3.14/site-packages/django/template/library.py", line 363, in render
    _dict = self.func(*resolved_args, **resolved_kwargs)
  File "/home/robbyone/Public/org/agentflow/.venv/lib/python3.14/site-packages/unfold/templatetags/unfold_list.py", line 396, in result_list
    "results": list(results(cl)),
               ~~~~^^^^^^^^^^^^^
  File "/home/robbyone/Public/org/agentflow/.venv/lib/python3.14/site-packages/unfold/templatetags/unfold_list.py", line 377, in results
    yield UnfoldResultList(res, None, items_for_result(cl, res, None))
          ~~~~~~~~~~~~~~~~^^^^^^^^^^^^^^^^^^^^^^^^^^^^^^^^^^^^^^^^^^^^
  File "/home/robbyone/Public/org/agentflow/.venv/lib/python3.14/site-packages/unfold/templatetags/unfold_list.py", line 368, in __init__
    super().__init__(form, *items)
    ~~~~~~~~~~~~~~~~^^^^^^^^^^^^^^
  File "/home/robbyone/Public/org/agentflow/.venv/lib/python3.14/site-packages/django/contrib/admin/templatetags/admin_list.py", line 324, in __init__
    super().__init__(*items)
    ~~~~~~~~~~~~~~~~^^^^^^^^
  File "/home/robbyone/Public/org/agentflow/.venv/lib/python3.14/site-packages/unfold/templatetags/unfold_list.py", line 230, in items_for_result
    f, attr, value = lookup_field(field_name, result, cl.model_admin)
                     ~~~~~~~~~~~~^^^^^^^^^^^^^^^^^^^^^^^^^^^^^^^^^^^^
  File "/home/robbyone/Public/org/agentflow/.venv/lib/python3.14/site-packages/django/contrib/admin/utils.py", line 302, in lookup_field
    value = attr(obj)
  File "/home/robbyone/Public/org/agentflow/sales/admin.py", line 52, in total_amount_display
    return format_html(
        '<strong style="color:var(--af-green-light);">TSh {:,.0f}</strong>',
        float(obj.total_amount)
    )
  File "/home/robbyone/Public/org/agentflow/.venv/lib/python3.14/site-packages/django/utils/html.py", line 140, in format_html
    return mark_safe(format_string.format(*args_safe, **kwargs_safe))
                     ~~~~~~~~~~~~~~~~~~~~^^^^^^^^^^^^^^^^^^^^^^^^^^^
ValueError: Unknown format code 'f' for object of type 'SafeString'
"GET /admin/sales/sale/ HTTP/1.1" 500 540333
Internal Server Error: /admin/
Traceback (most recent call last):
  File "/home/robbyone/Public/org/agentflow/.venv/lib/python3.14/site-packages/django/db/backends/utils.py", line 105, in _execute
    return self.cursor.execute(sql, params)
           ~~~~~~~~~~~~~~~~~~~^^^^^^^^^^^^^
  File "/home/robbyone/Public/org/agentflow/.venv/lib/python3.14/site-packages/django/db/backends/sqlite3/base.py", line 359, in execute
    return super().execute(query, params)
           ~~~~~~~~~~~~~~~^^^^^^^^^^^^^^^
sqlite3.OperationalError: no such table: jet_pinnedapplication

The above exception was the direct cause of the following exception:

Traceback (most recent call last):
  File "/home/robbyone/Public/org/agentflow/.venv/lib/python3.14/site-packages/django/core/handlers/exception.py", line 55, in inner
    response = get_response(request)
  File "/home/robbyone/Public/org/agentflow/.venv/lib/python3.14/site-packages/django/core/handlers/base.py", line 221, in _get_response
    response = response.render()
  File "/home/robbyone/Public/org/agentflow/.venv/lib/python3.14/site-packages/django/template/response.py", line 114, in render
    self.content = self.rendered_content
                   ^^^^^^^^^^^^^^^^^^^^^
  File "/home/robbyone/Public/org/agentflow/.venv/lib/python3.14/site-packages/django/template/response.py", line 92, in rendered_content
    return template.render(context, self._request)
           ~~~~~~~~~~~~~~~^^^^^^^^^^^^^^^^^^^^^^^^
  File "/home/robbyone/Public/org/agentflow/.venv/lib/python3.14/site-packages/django/template/backends/django.py", line 107, in render
    return self.template.render(context)
           ~~~~~~~~~~~~~~~~~~~~^^^^^^^^^
  File "/home/robbyone/Public/org/agentflow/.venv/lib/python3.14/site-packages/django/template/base.py", line 174, in render
    return self._render(context)
           ~~~~~~~~~~~~^^^^^^^^^
  File "/home/robbyone/Public/org/agentflow/.venv/lib/python3.14/site-packages/django/template/base.py", line 166, in _render
    return self.nodelist.render(context)
           ~~~~~~~~~~~~~~~~~~~~^^^^^^^^^
  File "/home/robbyone/Public/org/agentflow/.venv/lib/python3.14/site-packages/django/template/base.py", line 1091, in render
    return SafeString("".join([node.render_annotated(context) for node in self]))
                               ~~~~~~~~~~~~~~~~~~~~~^^^^^^^^^
  File "/home/robbyone/Public/org/agentflow/.venv/lib/python3.14/site-packages/django/template/base.py", line 1052, in render_annotated
    return self.render(context)
           ~~~~~~~~~~~^^^^^^^^^
  File "/home/robbyone/Public/org/agentflow/.venv/lib/python3.14/site-packages/django/template/loader_tags.py", line 160, in render
    return compiled_parent._render(context)
           ~~~~~~~~~~~~~~~~~~~~~~~^^^^^^^^^
  File "/home/robbyone/Public/org/agentflow/.venv/lib/python3.14/site-packages/django/template/base.py", line 166, in _render
    return self.nodelist.render(context)
           ~~~~~~~~~~~~~~~~~~~~^^^^^^^^^
  File "/home/robbyone/Public/org/agentflow/.venv/lib/python3.14/site-packages/django/template/base.py", line 1091, in render
    return SafeString("".join([node.render_annotated(context) for node in self]))
                               ~~~~~~~~~~~~~~~~~~~~~^^^^^^^^^
  File "/home/robbyone/Public/org/agentflow/.venv/lib/python3.14/site-packages/django/template/base.py", line 1052, in render_annotated
    return self.render(context)
           ~~~~~~~~~~~^^^^^^^^^
  File "/home/robbyone/Public/org/agentflow/.venv/lib/python3.14/site-packages/django/template/loader_tags.py", line 160, in render
    return compiled_parent._render(context)
           ~~~~~~~~~~~~~~~~~~~~~~~^^^^^^^^^
  File "/home/robbyone/Public/org/agentflow/.venv/lib/python3.14/site-packages/django/template/base.py", line 166, in _render
    return self.nodelist.render(context)
           ~~~~~~~~~~~~~~~~~~~~^^^^^^^^^
  File "/home/robbyone/Public/org/agentflow/.venv/lib/python3.14/site-packages/django/template/base.py", line 1091, in render
    return SafeString("".join([node.render_annotated(context) for node in self]))
                               ~~~~~~~~~~~~~~~~~~~~~^^^^^^^^^
  File "/home/robbyone/Public/org/agentflow/.venv/lib/python3.14/site-packages/django/template/base.py", line 1052, in render_annotated
    return self.render(context)
           ~~~~~~~~~~~^^^^^^^^^
  File "/home/robbyone/Public/org/agentflow/.venv/lib/python3.14/site-packages/django/template/loader_tags.py", line 66, in render
    result = block.nodelist.render(context)
  File "/home/robbyone/Public/org/agentflow/.venv/lib/python3.14/site-packages/django/template/base.py", line 1091, in render
    return SafeString("".join([node.render_annotated(context) for node in self]))
                               ~~~~~~~~~~~~~~~~~~~~~^^^^^^^^^
  File "/home/robbyone/Public/org/agentflow/.venv/lib/python3.14/site-packages/django/template/base.py", line 1052, in render_annotated
    return self.render(context)
           ~~~~~~~~~~~^^^^^^^^^
  File "/home/robbyone/Public/org/agentflow/.venv/lib/python3.14/site-packages/django/template/defaulttags.py", line 333, in render
    return nodelist.render(context)
           ~~~~~~~~~~~~~~~^^^^^^^^^
  File "/home/robbyone/Public/org/agentflow/.venv/lib/python3.14/site-packages/django/template/base.py", line 1091, in render
    return SafeString("".join([node.render_annotated(context) for node in self]))
                               ~~~~~~~~~~~~~~~~~~~~~^^^^^^^^^
  File "/home/robbyone/Public/org/agentflow/.venv/lib/python3.14/site-packages/django/template/base.py", line 1052, in render_annotated
    return self.render(context)
           ~~~~~~~~~~~^^^^^^^^^
  File "/home/robbyone/Public/org/agentflow/.venv/lib/python3.14/site-packages/django/template/defaulttags.py", line 333, in render
    return nodelist.render(context)
           ~~~~~~~~~~~~~~~^^^^^^^^^
  File "/home/robbyone/Public/org/agentflow/.venv/lib/python3.14/site-packages/django/template/base.py", line 1091, in render
    return SafeString("".join([node.render_annotated(context) for node in self]))
                               ~~~~~~~~~~~~~~~~~~~~~^^^^^^^^^
  File "/home/robbyone/Public/org/agentflow/.venv/lib/python3.14/site-packages/django/template/base.py", line 1052, in render_annotated
    return self.render(context)
           ~~~~~~~~~~~^^^^^^^^^
  File "/home/robbyone/Public/org/agentflow/.venv/lib/python3.14/site-packages/django/template/library.py", line 325, in render
    output = self.func(*resolved_args, **resolved_kwargs)
  File "/home/robbyone/Public/org/agentflow/.venv/lib/python3.14/site-packages/jet/templatetags/jet_tags.py", line 46, in jet_get_menu
    return get_menu_items(context)
  File "/home/robbyone/Public/org/agentflow/.venv/lib/python3.14/site-packages/jet/utils.py", line 319, in get_menu_items
    original_app_list = OrderedDict(map(lambda app: (app['app_label'], app), get_original_menu_items(context)))
  File "/home/robbyone/Public/org/agentflow/.venv/lib/python3.14/site-packages/jet/utils.py", line 294, in <lambda>
    'pinned': app['app_label'] in pinned_apps,
              ^^^^^^^^^^^^^^^^^^^^^^^^^^^^^^^
  File "/home/robbyone/Public/org/agentflow/.venv/lib/python3.14/site-packages/django/db/models/query.py", line 390, in __iter__
    self._fetch_all()
    ~~~~~~~~~~~~~~~^^
  File "/home/robbyone/Public/org/agentflow/.venv/lib/python3.14/site-packages/django/db/models/query.py", line 2000, in _fetch_all
    self._result_cache = list(self._iterable_class(self))
                         ~~~~^^^^^^^^^^^^^^^^^^^^^^^^^^^^
  File "/home/robbyone/Public/org/agentflow/.venv/lib/python3.14/site-packages/django/db/models/query.py", line 277, in __iter__
    for row in compiler.results_iter(
               ~~~~~~~~~~~~~~~~~~~~~^
        chunked_fetch=self.chunked_fetch, chunk_size=self.chunk_size
        ^^^^^^^^^^^^^^^^^^^^^^^^^^^^^^^^^^^^^^^^^^^^^^^^^^^^^^^^^^^^
    ):
    ^
  File "/home/robbyone/Public/org/agentflow/.venv/lib/python3.14/site-packages/django/db/models/sql/compiler.py", line 1573, in results_iter
    results = self.execute_sql(
        MULTI, chunked_fetch=chunked_fetch, chunk_size=chunk_size
    )
  File "/home/robbyone/Public/org/agentflow/.venv/lib/python3.14/site-packages/django/db/models/sql/compiler.py", line 1624, in execute_sql
    cursor.execute(sql, params)
    ~~~~~~~~~~~~~~^^^^^^^^^^^^^
  File "/home/robbyone/Public/org/agentflow/.venv/lib/python3.14/site-packages/django/db/backends/utils.py", line 122, in execute
    return super().execute(sql, params)
           ~~~~~~~~~~~~~~~^^^^^^^^^^^^^
  File "/home/robbyone/Public/org/agentflow/.venv/lib/python3.14/site-packages/django/db/backends/utils.py", line 79, in execute
    return self._execute_with_wrappers(
           ~~~~~~~~~~~~~~~~~~~~~~~~~~~^
        sql, params, many=False, executor=self._execute
        ^^^^^^^^^^^^^^^^^^^^^^^^^^^^^^^^^^^^^^^^^^^^^^^
    )
    ^
  File "/home/robbyone/Public/org/agentflow/.venv/lib/python3.14/site-packages/django/db/backends/utils.py", line 92, in _execute_with_wrappers
    return executor(sql, params, many, context)
  File "/home/robbyone/Public/org/agentflow/.venv/lib/python3.14/site-packages/django/db/backends/utils.py", line 100, in _execute
    with self.db.wrap_database_errors:
         ^^^^^^^^^^^^^^^^^^^^^^^^^^^^
  File "/home/robbyone/Public/org/agentflow/.venv/lib/python3.14/site-packages/django/db/utils.py", line 94, in __exit__
    raise dj_exc_value.with_traceback(traceback) from exc_value
  File "/home/robbyone/Public/org/agentflow/.venv/lib/python3.14/site-packages/django/db/backends/utils.py", line 105, in _execute
    return self.cursor.execute(sql, params)
           ~~~~~~~~~~~~~~~~~~~^^^^^^^^^^^^^
  File "/home/robbyone/Public/org/agentflow/.venv/lib/python3.14/site-packages/django/db/backends/sqlite3/base.py", line 359, in execute
    return super().execute(query, params)
           ~~~~~~~~~~~~~~~^^^^^^^^^^^^^^^
django.db.utils.OperationalError: no such table: jet_pinnedapplication
"GET /admin/ HTTP/1.1" 500 506233
Internal Server Error: /admin/account/emailaddress/
Traceback (most recent call last):
  File "/home/robbyone/Public/org/agentflow/.venv/lib/python3.14/site-packages/django/db/backends/utils.py", line 105, in _execute
    return self.cursor.execute(sql, params)
           ~~~~~~~~~~~~~~~~~~~^^^^^^^^^^^^^
  File "/home/robbyone/Public/org/agentflow/.venv/lib/python3.14/site-packages/django/db/backends/sqlite3/base.py", line 359, in execute
    return super().execute(query, params)
           ~~~~~~~~~~~~~~~^^^^^^^^^^^^^^^
sqlite3.OperationalError: no such table: jet_pinnedapplication

The above exception was the direct cause of the following exception:

Traceback (most recent call last):
  File "/home/robbyone/Public/org/agentflow/.venv/lib/python3.14/site-packages/django/core/handlers/exception.py", line 55, in inner
    response = get_response(request)
  File "/home/robbyone/Public/org/agentflow/.venv/lib/python3.14/site-packages/django/core/handlers/base.py", line 221, in _get_response
    response = response.render()
  File "/home/robbyone/Public/org/agentflow/.venv/lib/python3.14/site-packages/django/template/response.py", line 114, in render
    self.content = self.rendered_content
                   ^^^^^^^^^^^^^^^^^^^^^
  File "/home/robbyone/Public/org/agentflow/.venv/lib/python3.14/site-packages/django/template/response.py", line 92, in rendered_content
    return template.render(context, self._request)
           ~~~~~~~~~~~~~~~^^^^^^^^^^^^^^^^^^^^^^^^
  File "/home/robbyone/Public/org/agentflow/.venv/lib/python3.14/site-packages/django/template/backends/django.py", line 107, in render
    return self.template.render(context)
           ~~~~~~~~~~~~~~~~~~~~^^^^^^^^^
  File "/home/robbyone/Public/org/agentflow/.venv/lib/python3.14/site-packages/django/template/base.py", line 174, in render
    return self._render(context)
           ~~~~~~~~~~~~^^^^^^^^^
  File "/home/robbyone/Public/org/agentflow/.venv/lib/python3.14/site-packages/django/template/base.py", line 166, in _render
    return self.nodelist.render(context)
           ~~~~~~~~~~~~~~~~~~~~^^^^^^^^^
  File "/home/robbyone/Public/org/agentflow/.venv/lib/python3.14/site-packages/django/template/base.py", line 1091, in render
    return SafeString("".join([node.render_annotated(context) for node in self]))
                               ~~~~~~~~~~~~~~~~~~~~~^^^^^^^^^
  File "/home/robbyone/Public/org/agentflow/.venv/lib/python3.14/site-packages/django/template/base.py", line 1052, in render_annotated
    return self.render(context)
           ~~~~~~~~~~~^^^^^^^^^
  File "/home/robbyone/Public/org/agentflow/.venv/lib/python3.14/site-packages/django/template/loader_tags.py", line 160, in render
    return compiled_parent._render(context)
           ~~~~~~~~~~~~~~~~~~~~~~~^^^^^^^^^
  File "/home/robbyone/Public/org/agentflow/.venv/lib/python3.14/site-packages/django/template/base.py", line 166, in _render
    return self.nodelist.render(context)
           ~~~~~~~~~~~~~~~~~~~~^^^^^^^^^
  File "/home/robbyone/Public/org/agentflow/.venv/lib/python3.14/site-packages/django/template/base.py", line 1091, in render
    return SafeString("".join([node.render_annotated(context) for node in self]))
                               ~~~~~~~~~~~~~~~~~~~~~^^^^^^^^^
  File "/home/robbyone/Public/org/agentflow/.venv/lib/python3.14/site-packages/django/template/base.py", line 1052, in render_annotated
    return self.render(context)
           ~~~~~~~~~~~^^^^^^^^^
  File "/home/robbyone/Public/org/agentflow/.venv/lib/python3.14/site-packages/django/template/loader_tags.py", line 160, in render
    return compiled_parent._render(context)
           ~~~~~~~~~~~~~~~~~~~~~~~^^^^^^^^^
  File "/home/robbyone/Public/org/agentflow/.venv/lib/python3.14/site-packages/django/template/base.py", line 166, in _render
    return self.nodelist.render(context)
           ~~~~~~~~~~~~~~~~~~~~^^^^^^^^^
  File "/home/robbyone/Public/org/agentflow/.venv/lib/python3.14/site-packages/django/template/base.py", line 1091, in render
    return SafeString("".join([node.render_annotated(context) for node in self]))
                               ~~~~~~~~~~~~~~~~~~~~~^^^^^^^^^
  File "/home/robbyone/Public/org/agentflow/.venv/lib/python3.14/site-packages/django/template/base.py", line 1052, in render_annotated
    return self.render(context)
           ~~~~~~~~~~~^^^^^^^^^
  File "/home/robbyone/Public/org/agentflow/.venv/lib/python3.14/site-packages/django/template/loader_tags.py", line 66, in render
    result = block.nodelist.render(context)
  File "/home/robbyone/Public/org/agentflow/.venv/lib/python3.14/site-packages/django/template/base.py", line 1091, in render
    return SafeString("".join([node.render_annotated(context) for node in self]))
                               ~~~~~~~~~~~~~~~~~~~~~^^^^^^^^^
  File "/home/robbyone/Public/org/agentflow/.venv/lib/python3.14/site-packages/django/template/base.py", line 1052, in render_annotated
    return self.render(context)
           ~~~~~~~~~~~^^^^^^^^^
  File "/home/robbyone/Public/org/agentflow/.venv/lib/python3.14/site-packages/django/template/defaulttags.py", line 333, in render
    return nodelist.render(context)
           ~~~~~~~~~~~~~~~^^^^^^^^^
  File "/home/robbyone/Public/org/agentflow/.venv/lib/python3.14/site-packages/django/template/base.py", line 1091, in render
    return SafeString("".join([node.render_annotated(context) for node in self]))
                               ~~~~~~~~~~~~~~~~~~~~~^^^^^^^^^
  File "/home/robbyone/Public/org/agentflow/.venv/lib/python3.14/site-packages/django/template/base.py", line 1052, in render_annotated
    return self.render(context)
           ~~~~~~~~~~~^^^^^^^^^
  File "/home/robbyone/Public/org/agentflow/.venv/lib/python3.14/site-packages/django/template/defaulttags.py", line 333, in render
    return nodelist.render(context)
           ~~~~~~~~~~~~~~~^^^^^^^^^
  File "/home/robbyone/Public/org/agentflow/.venv/lib/python3.14/site-packages/django/template/base.py", line 1091, in render
    return SafeString("".join([node.render_annotated(context) for node in self]))
                               ~~~~~~~~~~~~~~~~~~~~~^^^^^^^^^
  File "/home/robbyone/Public/org/agentflow/.venv/lib/python3.14/site-packages/django/template/base.py", line 1052, in render_annotated
    return self.render(context)
           ~~~~~~~~~~~^^^^^^^^^
  File "/home/robbyone/Public/org/agentflow/.venv/lib/python3.14/site-packages/django/template/library.py", line 325, in render
    output = self.func(*resolved_args, **resolved_kwargs)
  File "/home/robbyone/Public/org/agentflow/.venv/lib/python3.14/site-packages/jet/templatetags/jet_tags.py", line 46, in jet_get_menu
    return get_menu_items(context)
  File "/home/robbyone/Public/org/agentflow/.venv/lib/python3.14/site-packages/jet/utils.py", line 319, in get_menu_items
    original_app_list = OrderedDict(map(lambda app: (app['app_label'], app), get_original_menu_items(context)))
  File "/home/robbyone/Public/org/agentflow/.venv/lib/python3.14/site-packages/jet/utils.py", line 294, in <lambda>
    'pinned': app['app_label'] in pinned_apps,
              ^^^^^^^^^^^^^^^^^^^^^^^^^^^^^^^
  File "/home/robbyone/Public/org/agentflow/.venv/lib/python3.14/site-packages/django/db/models/query.py", line 390, in __iter__
    self._fetch_all()
    ~~~~~~~~~~~~~~~^^
  File "/home/robbyone/Public/org/agentflow/.venv/lib/python3.14/site-packages/django/db/models/query.py", line 2000, in _fetch_all
    self._result_cache = list(self._iterable_class(self))
                         ~~~~^^^^^^^^^^^^^^^^^^^^^^^^^^^^
  File "/home/robbyone/Public/org/agentflow/.venv/lib/python3.14/site-packages/django/db/models/query.py", line 277, in __iter__
    for row in compiler.results_iter(
               ~~~~~~~~~~~~~~~~~~~~~^
        chunked_fetch=self.chunked_fetch, chunk_size=self.chunk_size
        ^^^^^^^^^^^^^^^^^^^^^^^^^^^^^^^^^^^^^^^^^^^^^^^^^^^^^^^^^^^^
    ):
    ^
  File "/home/robbyone/Public/org/agentflow/.venv/lib/python3.14/site-packages/django/db/models/sql/compiler.py", line 1573, in results_iter
    results = self.execute_sql(
        MULTI, chunked_fetch=chunked_fetch, chunk_size=chunk_size
    )
  File "/home/robbyone/Public/org/agentflow/.venv/lib/python3.14/site-packages/django/db/models/sql/compiler.py", line 1624, in execute_sql
    cursor.execute(sql, params)
    ~~~~~~~~~~~~~~^^^^^^^^^^^^^
  File "/home/robbyone/Public/org/agentflow/.venv/lib/python3.14/site-packages/django/db/backends/utils.py", line 122, in execute
    return super().execute(sql, params)
           ~~~~~~~~~~~~~~~^^^^^^^^^^^^^
  File "/home/robbyone/Public/org/agentflow/.venv/lib/python3.14/site-packages/django/db/backends/utils.py", line 79, in execute
    return self._execute_with_wrappers(
           ~~~~~~~~~~~~~~~~~~~~~~~~~~~^
        sql, params, many=False, executor=self._execute
        ^^^^^^^^^^^^^^^^^^^^^^^^^^^^^^^^^^^^^^^^^^^^^^^
    )
    ^
  File "/home/robbyone/Public/org/agentflow/.venv/lib/python3.14/site-packages/django/db/backends/utils.py", line 92, in _execute_with_wrappers
    return executor(sql, params, many, context)
  File "/home/robbyone/Public/org/agentflow/.venv/lib/python3.14/site-packages/django/db/backends/utils.py", line 100, in _execute
    with self.db.wrap_database_errors:
         ^^^^^^^^^^^^^^^^^^^^^^^^^^^^
  File "/home/robbyone/Public/org/agentflow/.venv/lib/python3.14/site-packages/django/db/utils.py", line 94, in __exit__
    raise dj_exc_value.with_traceback(traceback) from exc_value
  File "/home/robbyone/Public/org/agentflow/.venv/lib/python3.14/site-packages/django/db/backends/utils.py", line 105, in _execute
    return self.cursor.execute(sql, params)
           ~~~~~~~~~~~~~~~~~~~^^^^^^^^^^^^^
  File "/home/robbyone/Public/org/agentflow/.venv/lib/python3.14/site-packages/django/db/backends/sqlite3/base.py", line 359, in execute
    return super().execute(query, params)
           ~~~~~~~~~~~~~~~^^^^^^^^^^^^^^^
django.db.utils.OperationalError: no such table: jet_pinnedapplication
"GET /admin/account/emailaddress/ HTTP/1.1" 500 506367
Internal Server Error: /admin/core/activitylog/
Traceback (most recent call last):
  File "/home/robbyone/Public/org/agentflow/.venv/lib/python3.14/site-packages/django/db/backends/utils.py", line 105, in _execute
    return self.cursor.execute(sql, params)
           ~~~~~~~~~~~~~~~~~~~^^^^^^^^^^^^^
  File "/home/robbyone/Public/org/agentflow/.venv/lib/python3.14/site-packages/django/db/backends/sqlite3/base.py", line 359, in execute
    return super().execute(query, params)
           ~~~~~~~~~~~~~~~^^^^^^^^^^^^^^^
sqlite3.OperationalError: no such table: jet_pinnedapplication

The above exception was the direct cause of the following exception:

Traceback (most recent call last):
  File "/home/robbyone/Public/org/agentflow/.venv/lib/python3.14/site-packages/django/core/handlers/exception.py", line 55, in inner
    response = get_response(request)
  File "/home/robbyone/Public/org/agentflow/.venv/lib/python3.14/site-packages/django/core/handlers/base.py", line 221, in _get_response
    response = response.render()
  File "/home/robbyone/Public/org/agentflow/.venv/lib/python3.14/site-packages/django/template/response.py", line 114, in render
    self.content = self.rendered_content
                   ^^^^^^^^^^^^^^^^^^^^^
  File "/home/robbyone/Public/org/agentflow/.venv/lib/python3.14/site-packages/django/template/response.py", line 92, in rendered_content
    return template.render(context, self._request)
           ~~~~~~~~~~~~~~~^^^^^^^^^^^^^^^^^^^^^^^^
  File "/home/robbyone/Public/org/agentflow/.venv/lib/python3.14/site-packages/django/template/backends/django.py", line 107, in render
    return self.template.render(context)
           ~~~~~~~~~~~~~~~~~~~~^^^^^^^^^
  File "/home/robbyone/Public/org/agentflow/.venv/lib/python3.14/site-packages/django/template/base.py", line 174, in render
    return self._render(context)
           ~~~~~~~~~~~~^^^^^^^^^
  File "/home/robbyone/Public/org/agentflow/.venv/lib/python3.14/site-packages/django/template/base.py", line 166, in _render
    return self.nodelist.render(context)
           ~~~~~~~~~~~~~~~~~~~~^^^^^^^^^
  File "/home/robbyone/Public/org/agentflow/.venv/lib/python3.14/site-packages/django/template/base.py", line 1091, in render
    return SafeString("".join([node.render_annotated(context) for node in self]))
                               ~~~~~~~~~~~~~~~~~~~~~^^^^^^^^^
  File "/home/robbyone/Public/org/agentflow/.venv/lib/python3.14/site-packages/django/template/base.py", line 1052, in render_annotated
    return self.render(context)
           ~~~~~~~~~~~^^^^^^^^^
  File "/home/robbyone/Public/org/agentflow/.venv/lib/python3.14/site-packages/django/template/loader_tags.py", line 160, in render
    return compiled_parent._render(context)
           ~~~~~~~~~~~~~~~~~~~~~~~^^^^^^^^^
  File "/home/robbyone/Public/org/agentflow/.venv/lib/python3.14/site-packages/django/template/base.py", line 166, in _render
    return self.nodelist.render(context)
           ~~~~~~~~~~~~~~~~~~~~^^^^^^^^^
  File "/home/robbyone/Public/org/agentflow/.venv/lib/python3.14/site-packages/django/template/base.py", line 1091, in render
    return SafeString("".join([node.render_annotated(context) for node in self]))
                               ~~~~~~~~~~~~~~~~~~~~~^^^^^^^^^
  File "/home/robbyone/Public/org/agentflow/.venv/lib/python3.14/site-packages/django/template/base.py", line 1052, in render_annotated
    return self.render(context)
           ~~~~~~~~~~~^^^^^^^^^
  File "/home/robbyone/Public/org/agentflow/.venv/lib/python3.14/site-packages/django/template/loader_tags.py", line 160, in render
    return compiled_parent._render(context)
           ~~~~~~~~~~~~~~~~~~~~~~~^^^^^^^^^
  File "/home/robbyone/Public/org/agentflow/.venv/lib/python3.14/site-packages/django/template/base.py", line 166, in _render
    return self.nodelist.render(context)
           ~~~~~~~~~~~~~~~~~~~~^^^^^^^^^
  File "/home/robbyone/Public/org/agentflow/.venv/lib/python3.14/site-packages/django/template/base.py", line 1091, in render
    return SafeString("".join([node.render_annotated(context) for node in self]))
                               ~~~~~~~~~~~~~~~~~~~~~^^^^^^^^^
  File "/home/robbyone/Public/org/agentflow/.venv/lib/python3.14/site-packages/django/template/base.py", line 1052, in render_annotated
    return self.render(context)
           ~~~~~~~~~~~^^^^^^^^^
  File "/home/robbyone/Public/org/agentflow/.venv/lib/python3.14/site-packages/django/template/loader_tags.py", line 66, in render
    result = block.nodelist.render(context)
  File "/home/robbyone/Public/org/agentflow/.venv/lib/python3.14/site-packages/django/template/base.py", line 1091, in render
    return SafeString("".join([node.render_annotated(context) for node in self]))
                               ~~~~~~~~~~~~~~~~~~~~~^^^^^^^^^
  File "/home/robbyone/Public/org/agentflow/.venv/lib/python3.14/site-packages/django/template/base.py", line 1052, in render_annotated
    return self.render(context)
           ~~~~~~~~~~~^^^^^^^^^
  File "/home/robbyone/Public/org/agentflow/.venv/lib/python3.14/site-packages/django/template/defaulttags.py", line 333, in render
    return nodelist.render(context)
           ~~~~~~~~~~~~~~~^^^^^^^^^
  File "/home/robbyone/Public/org/agentflow/.venv/lib/python3.14/site-packages/django/template/base.py", line 1091, in render
    return SafeString("".join([node.render_annotated(context) for node in self]))
                               ~~~~~~~~~~~~~~~~~~~~~^^^^^^^^^
  File "/home/robbyone/Public/org/agentflow/.venv/lib/python3.14/site-packages/django/template/base.py", line 1052, in render_annotated
    return self.render(context)
           ~~~~~~~~~~~^^^^^^^^^
  File "/home/robbyone/Public/org/agentflow/.venv/lib/python3.14/site-packages/django/template/defaulttags.py", line 333, in render
    return nodelist.render(context)
           ~~~~~~~~~~~~~~~^^^^^^^^^
  File "/home/robbyone/Public/org/agentflow/.venv/lib/python3.14/site-packages/django/template/base.py", line 1091, in render
    return SafeString("".join([node.render_annotated(context) for node in self]))
                               ~~~~~~~~~~~~~~~~~~~~~^^^^^^^^^
  File "/home/robbyone/Public/org/agentflow/.venv/lib/python3.14/site-packages/django/template/base.py", line 1052, in render_annotated
    return self.render(context)
           ~~~~~~~~~~~^^^^^^^^^
  File "/home/robbyone/Public/org/agentflow/.venv/lib/python3.14/site-packages/django/template/library.py", line 325, in render
    output = self.func(*resolved_args, **resolved_kwargs)
  File "/home/robbyone/Public/org/agentflow/.venv/lib/python3.14/site-packages/jet/templatetags/jet_tags.py", line 46, in jet_get_menu
    return get_menu_items(context)
  File "/home/robbyone/Public/org/agentflow/.venv/lib/python3.14/site-packages/jet/utils.py", line 319, in get_menu_items
    original_app_list = OrderedDict(map(lambda app: (app['app_label'], app), get_original_menu_items(context)))
  File "/home/robbyone/Public/org/agentflow/.venv/lib/python3.14/site-packages/jet/utils.py", line 294, in <lambda>
    'pinned': app['app_label'] in pinned_apps,
              ^^^^^^^^^^^^^^^^^^^^^^^^^^^^^^^
  File "/home/robbyone/Public/org/agentflow/.venv/lib/python3.14/site-packages/django/db/models/query.py", line 390, in __iter__
    self._fetch_all()
    ~~~~~~~~~~~~~~~^^
  File "/home/robbyone/Public/org/agentflow/.venv/lib/python3.14/site-packages/django/db/models/query.py", line 2000, in _fetch_all
    self._result_cache = list(self._iterable_class(self))
                         ~~~~^^^^^^^^^^^^^^^^^^^^^^^^^^^^
  File "/home/robbyone/Public/org/agentflow/.venv/lib/python3.14/site-packages/django/db/models/query.py", line 277, in __iter__
    for row in compiler.results_iter(
               ~~~~~~~~~~~~~~~~~~~~~^
        chunked_fetch=self.chunked_fetch, chunk_size=self.chunk_size
        ^^^^^^^^^^^^^^^^^^^^^^^^^^^^^^^^^^^^^^^^^^^^^^^^^^^^^^^^^^^^
    ):
    ^
  File "/home/robbyone/Public/org/agentflow/.venv/lib/python3.14/site-packages/django/db/models/sql/compiler.py", line 1573, in results_iter
    results = self.execute_sql(
        MULTI, chunked_fetch=chunked_fetch, chunk_size=chunk_size
    )
  File "/home/robbyone/Public/org/agentflow/.venv/lib/python3.14/site-packages/django/db/models/sql/compiler.py", line 1624, in execute_sql
    cursor.execute(sql, params)
    ~~~~~~~~~~~~~~^^^^^^^^^^^^^
  File "/home/robbyone/Public/org/agentflow/.venv/lib/python3.14/site-packages/django/db/backends/utils.py", line 122, in execute
    return super().execute(sql, params)
           ~~~~~~~~~~~~~~~^^^^^^^^^^^^^
  File "/home/robbyone/Public/org/agentflow/.venv/lib/python3.14/site-packages/django/db/backends/utils.py", line 79, in execute
    return self._execute_with_wrappers(
           ~~~~~~~~~~~~~~~~~~~~~~~~~~~^
        sql, params, many=False, executor=self._execute
        ^^^^^^^^^^^^^^^^^^^^^^^^^^^^^^^^^^^^^^^^^^^^^^^
    )
    ^
  File "/home/robbyone/Public/org/agentflow/.venv/lib/python3.14/site-packages/django/db/backends/utils.py", line 92, in _execute_with_wrappers
    return executor(sql, params, many, context)
  File "/home/robbyone/Public/org/agentflow/.venv/lib/python3.14/site-packages/django/db/backends/utils.py", line 100, in _execute
    with self.db.wrap_database_errors:
         ^^^^^^^^^^^^^^^^^^^^^^^^^^^^
  File "/home/robbyone/Public/org/agentflow/.venv/lib/python3.14/site-packages/django/db/utils.py", line 94, in __exit__
    raise dj_exc_value.with_traceback(traceback) from exc_value
  File "/home/robbyone/Public/org/agentflow/.venv/lib/python3.14/site-packages/django/db/backends/utils.py", line 105, in _execute
    return self.cursor.execute(sql, params)
           ~~~~~~~~~~~~~~~~~~~^^^^^^^^^^^^^
  File "/home/robbyone/Public/org/agentflow/.venv/lib/python3.14/site-packages/django/db/backends/sqlite3/base.py", line 359, in execute
    return super().execute(query, params)
           ~~~~~~~~~~~~~~~^^^^^^^^^^^^^^^
django.db.utils.OperationalError: no such table: jet_pinnedapplication
Internal Server Error: /admin/
Traceback (most recent call last):
  File "/home/robbyone/Public/org/agentflow/.venv/lib/python3.14/site-packages/django/db/backends/utils.py", line 105, in _execute
    return self.cursor.execute(sql, params)
           ~~~~~~~~~~~~~~~~~~~^^^^^^^^^^^^^
  File "/home/robbyone/Public/org/agentflow/.venv/lib/python3.14/site-packages/django/db/backends/sqlite3/base.py", line 359, in execute
    return super().execute(query, params)
           ~~~~~~~~~~~~~~~^^^^^^^^^^^^^^^
sqlite3.OperationalError: no such table: jet_pinnedapplication

The above exception was the direct cause of the following exception:

Traceback (most recent call last):
  File "/home/robbyone/Public/org/agentflow/.venv/lib/python3.14/site-packages/django/core/handlers/exception.py", line 55, in inner
    response = get_response(request)
  File "/home/robbyone/Public/org/agentflow/.venv/lib/python3.14/site-packages/django/core/handlers/base.py", line 221, in _get_response
    response = response.render()
  File "/home/robbyone/Public/org/agentflow/.venv/lib/python3.14/site-packages/django/template/response.py", line 114, in render
    self.content = self.rendered_content
                   ^^^^^^^^^^^^^^^^^^^^^
  File "/home/robbyone/Public/org/agentflow/.venv/lib/python3.14/site-packages/django/template/response.py", line 92, in rendered_content
    return template.render(context, self._request)
           ~~~~~~~~~~~~~~~^^^^^^^^^^^^^^^^^^^^^^^^
  File "/home/robbyone/Public/org/agentflow/.venv/lib/python3.14/site-packages/django/template/backends/django.py", line 107, in render
    return self.template.render(context)
           ~~~~~~~~~~~~~~~~~~~~^^^^^^^^^
  File "/home/robbyone/Public/org/agentflow/.venv/lib/python3.14/site-packages/django/template/base.py", line 174, in render
    return self._render(context)
           ~~~~~~~~~~~~^^^^^^^^^
  File "/home/robbyone/Public/org/agentflow/.venv/lib/python3.14/site-packages/django/template/base.py", line 166, in _render
    return self.nodelist.render(context)
           ~~~~~~~~~~~~~~~~~~~~^^^^^^^^^
  File "/home/robbyone/Public/org/agentflow/.venv/lib/python3.14/site-packages/django/template/base.py", line 1091, in render
    return SafeString("".join([node.render_annotated(context) for node in self]))
                               ~~~~~~~~~~~~~~~~~~~~~^^^^^^^^^
  File "/home/robbyone/Public/org/agentflow/.venv/lib/python3.14/site-packages/django/template/base.py", line 1052, in render_annotated
    return self.render(context)
           ~~~~~~~~~~~^^^^^^^^^
  File "/home/robbyone/Public/org/agentflow/.venv/lib/python3.14/site-packages/django/template/loader_tags.py", line 160, in render
    return compiled_parent._render(context)
           ~~~~~~~~~~~~~~~~~~~~~~~^^^^^^^^^
  File "/home/robbyone/Public/org/agentflow/.venv/lib/python3.14/site-packages/django/template/base.py", line 166, in _render
    return self.nodelist.render(context)
           ~~~~~~~~~~~~~~~~~~~~^^^^^^^^^
  File "/home/robbyone/Public/org/agentflow/.venv/lib/python3.14/site-packages/django/template/base.py", line 1091, in render
    return SafeString("".join([node.render_annotated(context) for node in self]))
                               ~~~~~~~~~~~~~~~~~~~~~^^^^^^^^^
  File "/home/robbyone/Public/org/agentflow/.venv/lib/python3.14/site-packages/django/template/base.py", line 1052, in render_annotated
    return self.render(context)
           ~~~~~~~~~~~^^^^^^^^^
  File "/home/robbyone/Public/org/agentflow/.venv/lib/python3.14/site-packages/django/template/loader_tags.py", line 160, in render
    return compiled_parent._render(context)
           ~~~~~~~~~~~~~~~~~~~~~~~^^^^^^^^^
  File "/home/robbyone/Public/org/agentflow/.venv/lib/python3.14/site-packages/django/template/base.py", line 166, in _render
    return self.nodelist.render(context)
           ~~~~~~~~~~~~~~~~~~~~^^^^^^^^^
  File "/home/robbyone/Public/org/agentflow/.venv/lib/python3.14/site-packages/django/template/base.py", line 1091, in render
    return SafeString("".join([node.render_annotated(context) for node in self]))
                               ~~~~~~~~~~~~~~~~~~~~~^^^^^^^^^
  File "/home/robbyone/Public/org/agentflow/.venv/lib/python3.14/site-packages/django/template/base.py", line 1052, in render_annotated
    return self.render(context)
           ~~~~~~~~~~~^^^^^^^^^
  File "/home/robbyone/Public/org/agentflow/.venv/lib/python3.14/site-packages/django/template/loader_tags.py", line 66, in render
    result = block.nodelist.render(context)
  File "/home/robbyone/Public/org/agentflow/.venv/lib/python3.14/site-packages/django/template/base.py", line 1091, in render
    return SafeString("".join([node.render_annotated(context) for node in self]))
                               ~~~~~~~~~~~~~~~~~~~~~^^^^^^^^^
  File "/home/robbyone/Public/org/agentflow/.venv/lib/python3.14/site-packages/django/template/base.py", line 1052, in render_annotated
    return self.render(context)
           ~~~~~~~~~~~^^^^^^^^^
  File "/home/robbyone/Public/org/agentflow/.venv/lib/python3.14/site-packages/django/template/defaulttags.py", line 333, in render
    return nodelist.render(context)
           ~~~~~~~~~~~~~~~^^^^^^^^^
  File "/home/robbyone/Public/org/agentflow/.venv/lib/python3.14/site-packages/django/template/base.py", line 1091, in render
    return SafeString("".join([node.render_annotated(context) for node in self]))
                               ~~~~~~~~~~~~~~~~~~~~~^^^^^^^^^
  File "/home/robbyone/Public/org/agentflow/.venv/lib/python3.14/site-packages/django/template/base.py", line 1052, in render_annotated
    return self.render(context)
           ~~~~~~~~~~~^^^^^^^^^
  File "/home/robbyone/Public/org/agentflow/.venv/lib/python3.14/site-packages/django/template/defaulttags.py", line 333, in render
    return nodelist.render(context)
           ~~~~~~~~~~~~~~~^^^^^^^^^
  File "/home/robbyone/Public/org/agentflow/.venv/lib/python3.14/site-packages/django/template/base.py", line 1091, in render
    return SafeString("".join([node.render_annotated(context) for node in self]))
                               ~~~~~~~~~~~~~~~~~~~~~^^^^^^^^^
  File "/home/robbyone/Public/org/agentflow/.venv/lib/python3.14/site-packages/django/template/base.py", line 1052, in render_annotated
    return self.render(context)
           ~~~~~~~~~~~^^^^^^^^^
  File "/home/robbyone/Public/org/agentflow/.venv/lib/python3.14/site-packages/django/template/library.py", line 325, in render
    output = self.func(*resolved_args, **resolved_kwargs)
  File "/home/robbyone/Public/org/agentflow/.venv/lib/python3.14/site-packages/jet/templatetags/jet_tags.py", line 46, in jet_get_menu
    return get_menu_items(context)
  File "/home/robbyone/Public/org/agentflow/.venv/lib/python3.14/site-packages/jet/utils.py", line 319, in get_menu_items
    original_app_list = OrderedDict(map(lambda app: (app['app_label'], app), get_original_menu_items(context)))
  File "/home/robbyone/Public/org/agentflow/.venv/lib/python3.14/site-packages/jet/utils.py", line 294, in <lambda>
    'pinned': app['app_label'] in pinned_apps,
              ^^^^^^^^^^^^^^^^^^^^^^^^^^^^^^^
  File "/home/robbyone/Public/org/agentflow/.venv/lib/python3.14/site-packages/django/db/models/query.py", line 390, in __iter__
    self._fetch_all()
    ~~~~~~~~~~~~~~~^^
  File "/home/robbyone/Public/org/agentflow/.venv/lib/python3.14/site-packages/django/db/models/query.py", line 2000, in _fetch_all
    self._result_cache = list(self._iterable_class(self))
                         ~~~~^^^^^^^^^^^^^^^^^^^^^^^^^^^^
  File "/home/robbyone/Public/org/agentflow/.venv/lib/python3.14/site-packages/django/db/models/query.py", line 277, in __iter__
    for row in compiler.results_iter(
               ~~~~~~~~~~~~~~~~~~~~~^
        chunked_fetch=self.chunked_fetch, chunk_size=self.chunk_size
        ^^^^^^^^^^^^^^^^^^^^^^^^^^^^^^^^^^^^^^^^^^^^^^^^^^^^^^^^^^^^
    ):
    ^
  File "/home/robbyone/Public/org/agentflow/.venv/lib/python3.14/site-packages/django/db/models/sql/compiler.py", line 1573, in results_iter
    results = self.execute_sql(
        MULTI, chunked_fetch=chunked_fetch, chunk_size=chunk_size
    )
  File "/home/robbyone/Public/org/agentflow/.venv/lib/python3.14/site-packages/django/db/models/sql/compiler.py", line 1624, in execute_sql
    cursor.execute(sql, params)
    ~~~~~~~~~~~~~~^^^^^^^^^^^^^
  File "/home/robbyone/Public/org/agentflow/.venv/lib/python3.14/site-packages/django/db/backends/utils.py", line 122, in execute
    return super().execute(sql, params)
           ~~~~~~~~~~~~~~~^^^^^^^^^^^^^
  File "/home/robbyone/Public/org/agentflow/.venv/lib/python3.14/site-packages/django/db/backends/utils.py", line 79, in execute
    return self._execute_with_wrappers(
           ~~~~~~~~~~~~~~~~~~~~~~~~~~~^
        sql, params, many=False, executor=self._execute
        ^^^^^^^^^^^^^^^^^^^^^^^^^^^^^^^^^^^^^^^^^^^^^^^
    )
    ^
  File "/home/robbyone/Public/org/agentflow/.venv/lib/python3.14/site-packages/django/db/backends/utils.py", line 92, in _execute_with_wrappers
    return executor(sql, params, many, context)
  File "/home/robbyone/Public/org/agentflow/.venv/lib/python3.14/site-packages/django/db/backends/utils.py", line 100, in _execute
    with self.db.wrap_database_errors:
         ^^^^^^^^^^^^^^^^^^^^^^^^^^^^
  File "/home/robbyone/Public/org/agentflow/.venv/lib/python3.14/site-packages/django/db/utils.py", line 94, in __exit__
    raise dj_exc_value.with_traceback(traceback) from exc_value
  File "/home/robbyone/Public/org/agentflow/.venv/lib/python3.14/site-packages/django/db/backends/utils.py", line 105, in _execute
    return self.cursor.execute(sql, params)
           ~~~~~~~~~~~~~~~~~~~^^^^^^^^^^^^^
  File "/home/robbyone/Public/org/agentflow/.venv/lib/python3.14/site-packages/django/db/backends/sqlite3/base.py", line 359, in execute
    return super().execute(query, params)
           ~~~~~~~~~~~~~~~^^^^^^^^^^^^^^^
django.db.utils.OperationalError: no such table: jet_pinnedapplication
"GET /admin/ HTTP/1.1" 500 506062
Internal Server Error: /admin/
Traceback (most recent call last):
  File "/home/robbyone/Public/org/agentflow/.venv/lib/python3.14/site-packages/django/db/backends/utils.py", line 105, in _execute
    return self.cursor.execute(sql, params)
           ~~~~~~~~~~~~~~~~~~~^^^^^^^^^^^^^
  File "/home/robbyone/Public/org/agentflow/.venv/lib/python3.14/site-packages/django/db/backends/sqlite3/base.py", line 359, in execute
    return super().execute(query, params)
           ~~~~~~~~~~~~~~~^^^^^^^^^^^^^^^
sqlite3.OperationalError: no such table: jet_pinnedapplication

The above exception was the direct cause of the following exception:

Traceback (most recent call last):
  File "/home/robbyone/Public/org/agentflow/.venv/lib/python3.14/site-packages/django/core/handlers/exception.py", line 55, in inner
    response = get_response(request)
  File "/home/robbyone/Public/org/agentflow/.venv/lib/python3.14/site-packages/django/core/handlers/base.py", line 221, in _get_response
    response = response.render()
  File "/home/robbyone/Public/org/agentflow/.venv/lib/python3.14/site-packages/django/template/response.py", line 114, in render
    self.content = self.rendered_content
                   ^^^^^^^^^^^^^^^^^^^^^
  File "/home/robbyone/Public/org/agentflow/.venv/lib/python3.14/site-packages/django/template/response.py", line 92, in rendered_content
    return template.render(context, self._request)
           ~~~~~~~~~~~~~~~^^^^^^^^^^^^^^^^^^^^^^^^
  File "/home/robbyone/Public/org/agentflow/.venv/lib/python3.14/site-packages/django/template/backends/django.py", line 107, in render
    return self.template.render(context)
           ~~~~~~~~~~~~~~~~~~~~^^^^^^^^^
  File "/home/robbyone/Public/org/agentflow/.venv/lib/python3.14/site-packages/django/template/base.py", line 174, in render
    return self._render(context)
           ~~~~~~~~~~~~^^^^^^^^^
  File "/home/robbyone/Public/org/agentflow/.venv/lib/python3.14/site-packages/django/template/base.py", line 166, in _render
    return self.nodelist.render(context)
           ~~~~~~~~~~~~~~~~~~~~^^^^^^^^^
  File "/home/robbyone/Public/org/agentflow/.venv/lib/python3.14/site-packages/django/template/base.py", line 1091, in render
    return SafeString("".join([node.render_annotated(context) for node in self]))
                               ~~~~~~~~~~~~~~~~~~~~~^^^^^^^^^
  File "/home/robbyone/Public/org/agentflow/.venv/lib/python3.14/site-packages/django/template/base.py", line 1052, in render_annotated
    return self.render(context)
           ~~~~~~~~~~~^^^^^^^^^
  File "/home/robbyone/Public/org/agentflow/.venv/lib/python3.14/site-packages/django/template/loader_tags.py", line 160, in render
    return compiled_parent._render(context)
           ~~~~~~~~~~~~~~~~~~~~~~~^^^^^^^^^
  File "/home/robbyone/Public/org/agentflow/.venv/lib/python3.14/site-packages/django/template/base.py", line 166, in _render
    return self.nodelist.render(context)
           ~~~~~~~~~~~~~~~~~~~~^^^^^^^^^
  File "/home/robbyone/Public/org/agentflow/.venv/lib/python3.14/site-packages/django/template/base.py", line 1091, in render
    return SafeString("".join([node.render_annotated(context) for node in self]))
                               ~~~~~~~~~~~~~~~~~~~~~^^^^^^^^^
  File "/home/robbyone/Public/org/agentflow/.venv/lib/python3.14/site-packages/django/template/base.py", line 1052, in render_annotated
    return self.render(context)
           ~~~~~~~~~~~^^^^^^^^^
  File "/home/robbyone/Public/org/agentflow/.venv/lib/python3.14/site-packages/django/template/loader_tags.py", line 160, in render
    return compiled_parent._render(context)
           ~~~~~~~~~~~~~~~~~~~~~~~^^^^^^^^^
  File "/home/robbyone/Public/org/agentflow/.venv/lib/python3.14/site-packages/django/template/base.py", line 166, in _render
    return self.nodelist.render(context)
           ~~~~~~~~~~~~~~~~~~~~^^^^^^^^^
  File "/home/robbyone/Public/org/agentflow/.venv/lib/python3.14/site-packages/django/template/base.py", line 1091, in render
    return SafeString("".join([node.render_annotated(context) for node in self]))
                               ~~~~~~~~~~~~~~~~~~~~~^^^^^^^^^
  File "/home/robbyone/Public/org/agentflow/.venv/lib/python3.14/site-packages/django/template/base.py", line 1052, in render_annotated
    return self.render(context)
           ~~~~~~~~~~~^^^^^^^^^
  File "/home/robbyone/Public/org/agentflow/.venv/lib/python3.14/site-packages/django/template/loader_tags.py", line 66, in render
    result = block.nodelist.render(context)
  File "/home/robbyone/Public/org/agentflow/.venv/lib/python3.14/site-packages/django/template/base.py", line 1091, in render
    return SafeString("".join([node.render_annotated(context) for node in self]))
                               ~~~~~~~~~~~~~~~~~~~~~^^^^^^^^^
  File "/home/robbyone/Public/org/agentflow/.venv/lib/python3.14/site-packages/django/template/base.py", line 1052, in render_annotated
    return self.render(context)
           ~~~~~~~~~~~^^^^^^^^^
  File "/home/robbyone/Public/org/agentflow/.venv/lib/python3.14/site-packages/django/template/defaulttags.py", line 333, in render
    return nodelist.render(context)
           ~~~~~~~~~~~~~~~^^^^^^^^^
  File "/home/robbyone/Public/org/agentflow/.venv/lib/python3.14/site-packages/django/template/base.py", line 1091, in render
    return SafeString("".join([node.render_annotated(context) for node in self]))
                               ~~~~~~~~~~~~~~~~~~~~~^^^^^^^^^
  File "/home/robbyone/Public/org/agentflow/.venv/lib/python3.14/site-packages/django/template/base.py", line 1052, in render_annotated
    return self.render(context)
           ~~~~~~~~~~~^^^^^^^^^
  File "/home/robbyone/Public/org/agentflow/.venv/lib/python3.14/site-packages/django/template/defaulttags.py", line 333, in render
    return nodelist.render(context)
           ~~~~~~~~~~~~~~~^^^^^^^^^
  File "/home/robbyone/Public/org/agentflow/.venv/lib/python3.14/site-packages/django/template/base.py", line 1091, in render
    return SafeString("".join([node.render_annotated(context) for node in self]))
                               ~~~~~~~~~~~~~~~~~~~~~^^^^^^^^^
  File "/home/robbyone/Public/org/agentflow/.venv/lib/python3.14/site-packages/django/template/base.py", line 1052, in render_annotated
    return self.render(context)
           ~~~~~~~~~~~^^^^^^^^^
  File "/home/robbyone/Public/org/agentflow/.venv/lib/python3.14/site-packages/django/template/library.py", line 325, in render
    output = self.func(*resolved_args, **resolved_kwargs)
  File "/home/robbyone/Public/org/agentflow/.venv/lib/python3.14/site-packages/jet/templatetags/jet_tags.py", line 46, in jet_get_menu
    return get_menu_items(context)
  File "/home/robbyone/Public/org/agentflow/.venv/lib/python3.14/site-packages/jet/utils.py", line 319, in get_menu_items
    original_app_list = OrderedDict(map(lambda app: (app['app_label'], app), get_original_menu_items(context)))
  File "/home/robbyone/Public/org/agentflow/.venv/lib/python3.14/site-packages/jet/utils.py", line 294, in <lambda>
    'pinned': app['app_label'] in pinned_apps,
              ^^^^^^^^^^^^^^^^^^^^^^^^^^^^^^^
  File "/home/robbyone/Public/org/agentflow/.venv/lib/python3.14/site-packages/django/db/models/query.py", line 390, in __iter__
    self._fetch_all()
    ~~~~~~~~~~~~~~~^^
  File "/home/robbyone/Public/org/agentflow/.venv/lib/python3.14/site-packages/django/db/models/query.py", line 2000, in _fetch_all
    self._result_cache = list(self._iterable_class(self))
                         ~~~~^^^^^^^^^^^^^^^^^^^^^^^^^^^^
  File "/home/robbyone/Public/org/agentflow/.venv/lib/python3.14/site-packages/django/db/models/query.py", line 277, in __iter__
    for row in compiler.results_iter(
               ~~~~~~~~~~~~~~~~~~~~~^
        chunked_fetch=self.chunked_fetch, chunk_size=self.chunk_size
        ^^^^^^^^^^^^^^^^^^^^^^^^^^^^^^^^^^^^^^^^^^^^^^^^^^^^^^^^^^^^
    ):
    ^
  File "/home/robbyone/Public/org/agentflow/.venv/lib/python3.14/site-packages/django/db/models/sql/compiler.py", line 1573, in results_iter
    results = self.execute_sql(
        MULTI, chunked_fetch=chunked_fetch, chunk_size=chunk_size
    )
  File "/home/robbyone/Public/org/agentflow/.venv/lib/python3.14/site-packages/django/db/models/sql/compiler.py", line 1624, in execute_sql
    cursor.execute(sql, params)
    ~~~~~~~~~~~~~~^^^^^^^^^^^^^
  File "/home/robbyone/Public/org/agentflow/.venv/lib/python3.14/site-packages/django/db/backends/utils.py", line 122, in execute
    return super().execute(sql, params)
           ~~~~~~~~~~~~~~~^^^^^^^^^^^^^
  File "/home/robbyone/Public/org/agentflow/.venv/lib/python3.14/site-packages/django/db/backends/utils.py", line 79, in execute
    return self._execute_with_wrappers(
           ~~~~~~~~~~~~~~~~~~~~~~~~~~~^
        sql, params, many=False, executor=self._execute
        ^^^^^^^^^^^^^^^^^^^^^^^^^^^^^^^^^^^^^^^^^^^^^^^
    )
    ^
  File "/home/robbyone/Public/org/agentflow/.venv/lib/python3.14/site-packages/django/db/backends/utils.py", line 92, in _execute_with_wrappers
    return executor(sql, params, many, context)
  File "/home/robbyone/Public/org/agentflow/.venv/lib/python3.14/site-packages/django/db/backends/utils.py", line 100, in _execute
    with self.db.wrap_database_errors:
         ^^^^^^^^^^^^^^^^^^^^^^^^^^^^
  File "/home/robbyone/Public/org/agentflow/.venv/lib/python3.14/site-packages/django/db/utils.py", line 94, in __exit__
    raise dj_exc_value.with_traceback(traceback) from exc_value
  File "/home/robbyone/Public/org/agentflow/.venv/lib/python3.14/site-packages/django/db/backends/utils.py", line 105, in _execute
    return self.cursor.execute(sql, params)
           ~~~~~~~~~~~~~~~~~~~^^^^^^^^^^^^^
  File "/home/robbyone/Public/org/agentflow/.venv/lib/python3.14/site-packages/django/db/backends/sqlite3/base.py", line 359, in execute
    return super().execute(query, params)
           ~~~~~~~~~~~~~~~^^^^^^^^^^^^^^^
django.db.utils.OperationalError: no such table: jet_pinnedapplication
"GET /admin/ HTTP/1.1" 500 505918
Internal Server Error: /core/settings/company/
Traceback (most recent call last):
  File "/home/robbyone/Public/org/agentflow/.venv/lib/python3.14/site-packages/django/core/handlers/exception.py", line 55, in inner
    response = get_response(request)
  File "/home/robbyone/Public/org/agentflow/.venv/lib/python3.14/site-packages/django/core/handlers/base.py", line 198, in _get_response
    response = wrapped_callback(request, *callback_args, **callback_kwargs)
  File "/home/robbyone/Public/org/agentflow/.venv/lib/python3.14/site-packages/django/contrib/auth/decorators.py", line 59, in _view_wrapper
    return view_func(request, *args, **kwargs)
  File "/home/robbyone/Public/org/agentflow/.venv/lib/python3.14/site-packages/django/contrib/auth/decorators.py", line 59, in _view_wrapper
    return view_func(request, *args, **kwargs)
  File "/home/robbyone/Public/org/agentflow/core/views.py", line 339, in company_settings_view
    PaymentMethod.objects.create(
    ^^^^^^^^^^^^^
NameError: name 'PaymentMethod' is not defined
"POST /core/settings/company/ HTTP/1.1" 500 102083
You're accessing the development server over HTTPS, but it only supports HTTP.
You're accessing the development server over HTTPS, but it only supports HTTP.
You're accessing the development server over HTTPS, but it only supports HTTP.
You're accessing the development server over HTTPS, but it only supports HTTP.
You're accessing the development server over HTTPS, but it only supports HTTP.
You're accessing the development server over HTTPS, but it only supports HTTP.
You're accessing the development server over HTTPS, but it only supports HTTP.
You're accessing the development server over HTTPS, but it only supports HTTP.
You're accessing the development server over HTTPS, but it only supports HTTP.
You're accessing the development server over HTTPS, but it only supports HTTP.
You're accessing the development server over HTTPS, but it only supports HTTP.
You're accessing the development server over HTTPS, but it only supports HTTP.
You're accessing the development server over HTTPS, but it only supports HTTP.
You're accessing the development server over HTTPS, but it only supports HTTP.
You're accessing the development server over HTTPS, but it only supports HTTP.
You're accessing the development server over HTTPS, but it only supports HTTP.
You're accessing the development server over HTTPS, but it only supports HTTP.
You're accessing the development server over HTTPS, but it only supports HTTP.
You're accessing the development server over HTTPS, but it only supports HTTP.
You're accessing the development server over HTTPS, but it only supports HTTP.
Internal Server Error: /purchases/orders/244f7c85-d135-43ff-93d6-285b44e2d618/
Traceback (most recent call last):
  File "/home/stewart/Desktop/Projects/ORG2/agentflow/.venv/lib/python3.14/site-packages/django/core/handlers/exception.py", line 55, in inner
    response = get_response(request)
  File "/home/stewart/Desktop/Projects/ORG2/agentflow/.venv/lib/python3.14/site-packages/django/core/handlers/base.py", line 198, in _get_response
    response = wrapped_callback(request, *callback_args, **callback_kwargs)
  File "/home/stewart/Desktop/Projects/ORG2/agentflow/.venv/lib/python3.14/site-packages/django/contrib/auth/decorators.py", line 59, in _view_wrapper
    return view_func(request, *args, **kwargs)
  File "/home/stewart/Desktop/Projects/ORG2/agentflow/purchases/views.py", line 158, in purchase_order_detail_view
    return render(request, 'purchases/purchase_order_detail.html', {
        'order': purchase_order,
        'items': items,
    })
  File "/home/stewart/Desktop/Projects/ORG2/agentflow/.venv/lib/python3.14/site-packages/django/shortcuts.py", line 25, in render
    content = loader.render_to_string(template_name, context, request, using=using)
  File "/home/stewart/Desktop/Projects/ORG2/agentflow/.venv/lib/python3.14/site-packages/django/template/loader.py", line 62, in render_to_string
    return template.render(context, request)
           ~~~~~~~~~~~~~~~^^^^^^^^^^^^^^^^^^
  File "/home/stewart/Desktop/Projects/ORG2/agentflow/.venv/lib/python3.14/site-packages/django/template/backends/django.py", line 107, in render
    return self.template.render(context)
           ~~~~~~~~~~~~~~~~~~~~^^^^^^^^^
  File "/home/stewart/Desktop/Projects/ORG2/agentflow/.venv/lib/python3.14/site-packages/django/template/base.py", line 174, in render
    return self._render(context)
           ~~~~~~~~~~~~^^^^^^^^^
  File "/home/stewart/Desktop/Projects/ORG2/agentflow/.venv/lib/python3.14/site-packages/django/template/base.py", line 166, in _render
    return self.nodelist.render(context)
           ~~~~~~~~~~~~~~~~~~~~^^^^^^^^^
  File "/home/stewart/Desktop/Projects/ORG2/agentflow/.venv/lib/python3.14/site-packages/django/template/base.py", line 1091, in render
    return SafeString("".join([node.render_annotated(context) for node in self]))
                               ~~~~~~~~~~~~~~~~~~~~~^^^^^^^^^
  File "/home/stewart/Desktop/Projects/ORG2/agentflow/.venv/lib/python3.14/site-packages/django/template/base.py", line 1052, in render_annotated
    return self.render(context)
           ~~~~~~~~~~~^^^^^^^^^
  File "/home/stewart/Desktop/Projects/ORG2/agentflow/.venv/lib/python3.14/site-packages/django/template/loader_tags.py", line 160, in render
    return compiled_parent._render(context)
           ~~~~~~~~~~~~~~~~~~~~~~~^^^^^^^^^
  File "/home/stewart/Desktop/Projects/ORG2/agentflow/.venv/lib/python3.14/site-packages/django/template/base.py", line 166, in _render
    return self.nodelist.render(context)
           ~~~~~~~~~~~~~~~~~~~~^^^^^^^^^
  File "/home/stewart/Desktop/Projects/ORG2/agentflow/.venv/lib/python3.14/site-packages/django/template/base.py", line 1091, in render
    return SafeString("".join([node.render_annotated(context) for node in self]))
                               ~~~~~~~~~~~~~~~~~~~~~^^^^^^^^^
  File "/home/stewart/Desktop/Projects/ORG2/agentflow/.venv/lib/python3.14/site-packages/django/template/base.py", line 1052, in render_annotated
    return self.render(context)
           ~~~~~~~~~~~^^^^^^^^^
  File "/home/stewart/Desktop/Projects/ORG2/agentflow/.venv/lib/python3.14/site-packages/django/template/defaulttags.py", line 333, in render
    return nodelist.render(context)
           ~~~~~~~~~~~~~~~^^^^^^^^^
  File "/home/stewart/Desktop/Projects/ORG2/agentflow/.venv/lib/python3.14/site-packages/django/template/base.py", line 1091, in render
    return SafeString("".join([node.render_annotated(context) for node in self]))
                               ~~~~~~~~~~~~~~~~~~~~~^^^^^^^^^
  File "/home/stewart/Desktop/Projects/ORG2/agentflow/.venv/lib/python3.14/site-packages/django/template/base.py", line 1052, in render_annotated
    return self.render(context)
           ~~~~~~~~~~~^^^^^^^^^
  File "/home/stewart/Desktop/Projects/ORG2/agentflow/.venv/lib/python3.14/site-packages/django/template/loader_tags.py", line 66, in render
    result = block.nodelist.render(context)
  File "/home/stewart/Desktop/Projects/ORG2/agentflow/.venv/lib/python3.14/site-packages/django/template/base.py", line 1091, in render
    return SafeString("".join([node.render_annotated(context) for node in self]))
                               ~~~~~~~~~~~~~~~~~~~~~^^^^^^^^^
  File "/home/stewart/Desktop/Projects/ORG2/agentflow/.venv/lib/python3.14/site-packages/django/template/base.py", line 1052, in render_annotated
    return self.render(context)
           ~~~~~~~~~~~^^^^^^^^^
  File "/home/stewart/Desktop/Projects/ORG2/agentflow/.venv/lib/python3.14/site-packages/django/template/base.py", line 1150, in render
    output = self.filter_expression.resolve(context)
  File "/home/stewart/Desktop/Projects/ORG2/agentflow/.venv/lib/python3.14/site-packages/django/template/base.py", line 815, in resolve
    new_obj = func(obj, *arg_vals)
  File "/home/stewart/Desktop/Projects/ORG2/agentflow/.venv/lib/python3.14/site-packages/django/template/defaultfilters.py", line 637, in length
    return len(value)
  File "/home/stewart/Desktop/Projects/ORG2/agentflow/.venv/lib/python3.14/site-packages/django/db/models/query.py", line 372, in __len__
    self._fetch_all()
    ~~~~~~~~~~~~~~~^^
  File "/home/stewart/Desktop/Projects/ORG2/agentflow/.venv/lib/python3.14/site-packages/django/db/models/query.py", line 2000, in _fetch_all
    self._result_cache = list(self._iterable_class(self))
                         ~~~~^^^^^^^^^^^^^^^^^^^^^^^^^^^^
  File "/home/stewart/Desktop/Projects/ORG2/agentflow/.venv/lib/python3.14/site-packages/django/db/models/query.py", line 127, in __iter__
    for row in compiler.results_iter(results):
               ~~~~~~~~~~~~~~~~~~~~~^^^^^^^^^
  File "/home/stewart/Desktop/Projects/ORG2/agentflow/.venv/lib/python3.14/site-packages/django/db/models/sql/compiler.py", line 1542, in apply_converters
    value = converter(value, expression, connection)
  File "/home/stewart/Desktop/Projects/ORG2/agentflow/.venv/lib/python3.14/site-packages/django/db/backends/sqlite3/operations.py", line 334, in converter
    return create_decimal(value).quantize(
           ~~~~~~~~~~~~~~~~~~~~~~~~~~~~~~^
        quantize_value, context=expression.output_field.context
        ^^^^^^^^^^^^^^^^^^^^^^^^^^^^^^^^^^^^^^^^^^^^^^^^^^^^^^^
    )
    ^
decimal.InvalidOperation: [<class 'decimal.InvalidOperation'>]
"GET /purchases/orders/244f7c85-d135-43ff-93d6-285b44e2d618/ HTTP/1.1" 500 237946
Internal Server Error: /purchases/orders/244f7c85-d135-43ff-93d6-285b44e2d618/
Traceback (most recent call last):
  File "/home/stewart/Desktop/Projects/ORG2/agentflow/.venv/lib/python3.14/site-packages/django/core/handlers/exception.py", line 55, in inner
    response = get_response(request)
  File "/home/stewart/Desktop/Projects/ORG2/agentflow/.venv/lib/python3.14/site-packages/django/core/handlers/base.py", line 198, in _get_response
    response = wrapped_callback(request, *callback_args, **callback_kwargs)
  File "/home/stewart/Desktop/Projects/ORG2/agentflow/.venv/lib/python3.14/site-packages/django/contrib/auth/decorators.py", line 59, in _view_wrapper
    return view_func(request, *args, **kwargs)
  File "/home/stewart/Desktop/Projects/ORG2/agentflow/purchases/views.py", line 158, in purchase_order_detail_view
    return render(request, 'purchases/purchase_order_detail.html', {
        'order': purchase_order,
        'items': items,
    })
  File "/home/stewart/Desktop/Projects/ORG2/agentflow/.venv/lib/python3.14/site-packages/django/shortcuts.py", line 25, in render
    content = loader.render_to_string(template_name, context, request, using=using)
  File "/home/stewart/Desktop/Projects/ORG2/agentflow/.venv/lib/python3.14/site-packages/django/template/loader.py", line 62, in render_to_string
    return template.render(context, request)
           ~~~~~~~~~~~~~~~^^^^^^^^^^^^^^^^^^
  File "/home/stewart/Desktop/Projects/ORG2/agentflow/.venv/lib/python3.14/site-packages/django/template/backends/django.py", line 107, in render
    return self.template.render(context)
           ~~~~~~~~~~~~~~~~~~~~^^^^^^^^^
  File "/home/stewart/Desktop/Projects/ORG2/agentflow/.venv/lib/python3.14/site-packages/django/template/base.py", line 174, in render
    return self._render(context)
           ~~~~~~~~~~~~^^^^^^^^^
  File "/home/stewart/Desktop/Projects/ORG2/agentflow/.venv/lib/python3.14/site-packages/django/template/base.py", line 166, in _render
    return self.nodelist.render(context)
           ~~~~~~~~~~~~~~~~~~~~^^^^^^^^^
  File "/home/stewart/Desktop/Projects/ORG2/agentflow/.venv/lib/python3.14/site-packages/django/template/base.py", line 1091, in render
    return SafeString("".join([node.render_annotated(context) for node in self]))
                               ~~~~~~~~~~~~~~~~~~~~~^^^^^^^^^
  File "/home/stewart/Desktop/Projects/ORG2/agentflow/.venv/lib/python3.14/site-packages/django/template/base.py", line 1052, in render_annotated
    return self.render(context)
           ~~~~~~~~~~~^^^^^^^^^
  File "/home/stewart/Desktop/Projects/ORG2/agentflow/.venv/lib/python3.14/site-packages/django/template/loader_tags.py", line 160, in render
    return compiled_parent._render(context)
           ~~~~~~~~~~~~~~~~~~~~~~~^^^^^^^^^
  File "/home/stewart/Desktop/Projects/ORG2/agentflow/.venv/lib/python3.14/site-packages/django/template/base.py", line 166, in _render
    return self.nodelist.render(context)
           ~~~~~~~~~~~~~~~~~~~~^^^^^^^^^
  File "/home/stewart/Desktop/Projects/ORG2/agentflow/.venv/lib/python3.14/site-packages/django/template/base.py", line 1091, in render
    return SafeString("".join([node.render_annotated(context) for node in self]))
                               ~~~~~~~~~~~~~~~~~~~~~^^^^^^^^^
  File "/home/stewart/Desktop/Projects/ORG2/agentflow/.venv/lib/python3.14/site-packages/django/template/base.py", line 1052, in render_annotated
    return self.render(context)
           ~~~~~~~~~~~^^^^^^^^^
  File "/home/stewart/Desktop/Projects/ORG2/agentflow/.venv/lib/python3.14/site-packages/django/template/defaulttags.py", line 333, in render
    return nodelist.render(context)
           ~~~~~~~~~~~~~~~^^^^^^^^^
  File "/home/stewart/Desktop/Projects/ORG2/agentflow/.venv/lib/python3.14/site-packages/django/template/base.py", line 1091, in render
    return SafeString("".join([node.render_annotated(context) for node in self]))
                               ~~~~~~~~~~~~~~~~~~~~~^^^^^^^^^
  File "/home/stewart/Desktop/Projects/ORG2/agentflow/.venv/lib/python3.14/site-packages/django/template/base.py", line 1052, in render_annotated
    return self.render(context)
           ~~~~~~~~~~~^^^^^^^^^
  File "/home/stewart/Desktop/Projects/ORG2/agentflow/.venv/lib/python3.14/site-packages/django/template/loader_tags.py", line 66, in render
    result = block.nodelist.render(context)
  File "/home/stewart/Desktop/Projects/ORG2/agentflow/.venv/lib/python3.14/site-packages/django/template/base.py", line 1091, in render
    return SafeString("".join([node.render_annotated(context) for node in self]))
                               ~~~~~~~~~~~~~~~~~~~~~^^^^^^^^^
  File "/home/stewart/Desktop/Projects/ORG2/agentflow/.venv/lib/python3.14/site-packages/django/template/base.py", line 1052, in render_annotated
    return self.render(context)
           ~~~~~~~~~~~^^^^^^^^^
  File "/home/stewart/Desktop/Projects/ORG2/agentflow/.venv/lib/python3.14/site-packages/django/template/base.py", line 1150, in render
    output = self.filter_expression.resolve(context)
  File "/home/stewart/Desktop/Projects/ORG2/agentflow/.venv/lib/python3.14/site-packages/django/template/base.py", line 815, in resolve
    new_obj = func(obj, *arg_vals)
  File "/home/stewart/Desktop/Projects/ORG2/agentflow/.venv/lib/python3.14/site-packages/django/template/defaultfilters.py", line 637, in length
    return len(value)
  File "/home/stewart/Desktop/Projects/ORG2/agentflow/.venv/lib/python3.14/site-packages/django/db/models/query.py", line 372, in __len__
    self._fetch_all()
    ~~~~~~~~~~~~~~~^^
  File "/home/stewart/Desktop/Projects/ORG2/agentflow/.venv/lib/python3.14/site-packages/django/db/models/query.py", line 2000, in _fetch_all
    self._result_cache = list(self._iterable_class(self))
                         ~~~~^^^^^^^^^^^^^^^^^^^^^^^^^^^^
  File "/home/stewart/Desktop/Projects/ORG2/agentflow/.venv/lib/python3.14/site-packages/django/db/models/query.py", line 127, in __iter__
    for row in compiler.results_iter(results):
               ~~~~~~~~~~~~~~~~~~~~~^^^^^^^^^
  File "/home/stewart/Desktop/Projects/ORG2/agentflow/.venv/lib/python3.14/site-packages/django/db/models/sql/compiler.py", line 1542, in apply_converters
    value = converter(value, expression, connection)
  File "/home/stewart/Desktop/Projects/ORG2/agentflow/.venv/lib/python3.14/site-packages/django/db/backends/sqlite3/operations.py", line 334, in converter
    return create_decimal(value).quantize(
           ~~~~~~~~~~~~~~~~~~~~~~~~~~~~~~^
        quantize_value, context=expression.output_field.context
        ^^^^^^^^^^^^^^^^^^^^^^^^^^^^^^^^^^^^^^^^^^^^^^^^^^^^^^^
    )
    ^
decimal.InvalidOperation: [<class 'decimal.InvalidOperation'>]
"GET /purchases/orders/244f7c85-d135-43ff-93d6-285b44e2d618/ HTTP/1.1" 500 237946
Internal Server Error: /purchases/orders/ee14833c-8142-43c0-8a8b-217cfb27ecd0/
Traceback (most recent call last):
  File "/home/stewart/Desktop/Projects/ORG2/agentflow/.venv/lib/python3.14/site-packages/django/core/handlers/exception.py", line 55, in inner
    response = get_response(request)
  File "/home/stewart/Desktop/Projects/ORG2/agentflow/.venv/lib/python3.14/site-packages/django/core/handlers/base.py", line 198, in _get_response
    response = wrapped_callback(request, *callback_args, **callback_kwargs)
  File "/home/stewart/Desktop/Projects/ORG2/agentflow/.venv/lib/python3.14/site-packages/django/contrib/auth/decorators.py", line 59, in _view_wrapper
    return view_func(request, *args, **kwargs)
  File "/home/stewart/Desktop/Projects/ORG2/agentflow/purchases/views.py", line 158, in purchase_order_detail_view
    return render(request, 'purchases/purchase_order_detail.html', {
        'order': purchase_order,
        'items': items,
    })
  File "/home/stewart/Desktop/Projects/ORG2/agentflow/.venv/lib/python3.14/site-packages/django/shortcuts.py", line 25, in render
    content = loader.render_to_string(template_name, context, request, using=using)
  File "/home/stewart/Desktop/Projects/ORG2/agentflow/.venv/lib/python3.14/site-packages/django/template/loader.py", line 62, in render_to_string
    return template.render(context, request)
           ~~~~~~~~~~~~~~~^^^^^^^^^^^^^^^^^^
  File "/home/stewart/Desktop/Projects/ORG2/agentflow/.venv/lib/python3.14/site-packages/django/template/backends/django.py", line 107, in render
    return self.template.render(context)
           ~~~~~~~~~~~~~~~~~~~~^^^^^^^^^
  File "/home/stewart/Desktop/Projects/ORG2/agentflow/.venv/lib/python3.14/site-packages/django/template/base.py", line 174, in render
    return self._render(context)
           ~~~~~~~~~~~~^^^^^^^^^
  File "/home/stewart/Desktop/Projects/ORG2/agentflow/.venv/lib/python3.14/site-packages/django/template/base.py", line 166, in _render
    return self.nodelist.render(context)
           ~~~~~~~~~~~~~~~~~~~~^^^^^^^^^
  File "/home/stewart/Desktop/Projects/ORG2/agentflow/.venv/lib/python3.14/site-packages/django/template/base.py", line 1091, in render
    return SafeString("".join([node.render_annotated(context) for node in self]))
                               ~~~~~~~~~~~~~~~~~~~~~^^^^^^^^^
  File "/home/stewart/Desktop/Projects/ORG2/agentflow/.venv/lib/python3.14/site-packages/django/template/base.py", line 1052, in render_annotated
    return self.render(context)
           ~~~~~~~~~~~^^^^^^^^^
  File "/home/stewart/Desktop/Projects/ORG2/agentflow/.venv/lib/python3.14/site-packages/django/template/loader_tags.py", line 160, in render
    return compiled_parent._render(context)
           ~~~~~~~~~~~~~~~~~~~~~~~^^^^^^^^^
  File "/home/stewart/Desktop/Projects/ORG2/agentflow/.venv/lib/python3.14/site-packages/django/template/base.py", line 166, in _render
    return self.nodelist.render(context)
           ~~~~~~~~~~~~~~~~~~~~^^^^^^^^^
  File "/home/stewart/Desktop/Projects/ORG2/agentflow/.venv/lib/python3.14/site-packages/django/template/base.py", line 1091, in render
    return SafeString("".join([node.render_annotated(context) for node in self]))
                               ~~~~~~~~~~~~~~~~~~~~~^^^^^^^^^
  File "/home/stewart/Desktop/Projects/ORG2/agentflow/.venv/lib/python3.14/site-packages/django/template/base.py", line 1052, in render_annotated
    return self.render(context)
           ~~~~~~~~~~~^^^^^^^^^
  File "/home/stewart/Desktop/Projects/ORG2/agentflow/.venv/lib/python3.14/site-packages/django/template/defaulttags.py", line 333, in render
    return nodelist.render(context)
           ~~~~~~~~~~~~~~~^^^^^^^^^
  File "/home/stewart/Desktop/Projects/ORG2/agentflow/.venv/lib/python3.14/site-packages/django/template/base.py", line 1091, in render
    return SafeString("".join([node.render_annotated(context) for node in self]))
                               ~~~~~~~~~~~~~~~~~~~~~^^^^^^^^^
  File "/home/stewart/Desktop/Projects/ORG2/agentflow/.venv/lib/python3.14/site-packages/django/template/base.py", line 1052, in render_annotated
    return self.render(context)
           ~~~~~~~~~~~^^^^^^^^^
  File "/home/stewart/Desktop/Projects/ORG2/agentflow/.venv/lib/python3.14/site-packages/django/template/loader_tags.py", line 66, in render
    result = block.nodelist.render(context)
  File "/home/stewart/Desktop/Projects/ORG2/agentflow/.venv/lib/python3.14/site-packages/django/template/base.py", line 1091, in render
    return SafeString("".join([node.render_annotated(context) for node in self]))
                               ~~~~~~~~~~~~~~~~~~~~~^^^^^^^^^
  File "/home/stewart/Desktop/Projects/ORG2/agentflow/.venv/lib/python3.14/site-packages/django/template/base.py", line 1052, in render_annotated
    return self.render(context)
           ~~~~~~~~~~~^^^^^^^^^
  File "/home/stewart/Desktop/Projects/ORG2/agentflow/.venv/lib/python3.14/site-packages/django/template/base.py", line 1150, in render
    output = self.filter_expression.resolve(context)
  File "/home/stewart/Desktop/Projects/ORG2/agentflow/.venv/lib/python3.14/site-packages/django/template/base.py", line 815, in resolve
    new_obj = func(obj, *arg_vals)
  File "/home/stewart/Desktop/Projects/ORG2/agentflow/.venv/lib/python3.14/site-packages/django/template/defaultfilters.py", line 637, in length
    return len(value)
  File "/home/stewart/Desktop/Projects/ORG2/agentflow/.venv/lib/python3.14/site-packages/django/db/models/query.py", line 372, in __len__
    self._fetch_all()
    ~~~~~~~~~~~~~~~^^
  File "/home/stewart/Desktop/Projects/ORG2/agentflow/.venv/lib/python3.14/site-packages/django/db/models/query.py", line 2000, in _fetch_all
    self._result_cache = list(self._iterable_class(self))
                         ~~~~^^^^^^^^^^^^^^^^^^^^^^^^^^^^
  File "/home/stewart/Desktop/Projects/ORG2/agentflow/.venv/lib/python3.14/site-packages/django/db/models/query.py", line 127, in __iter__
    for row in compiler.results_iter(results):
               ~~~~~~~~~~~~~~~~~~~~~^^^^^^^^^
  File "/home/stewart/Desktop/Projects/ORG2/agentflow/.venv/lib/python3.14/site-packages/django/db/models/sql/compiler.py", line 1542, in apply_converters
    value = converter(value, expression, connection)
  File "/home/stewart/Desktop/Projects/ORG2/agentflow/.venv/lib/python3.14/site-packages/django/db/backends/sqlite3/operations.py", line 334, in converter
    return create_decimal(value).quantize(
           ~~~~~~~~~~~~~~~~~~~~~~~~~~~~~~^
        quantize_value, context=expression.output_field.context
        ^^^^^^^^^^^^^^^^^^^^^^^^^^^^^^^^^^^^^^^^^^^^^^^^^^^^^^^
    )
    ^
decimal.InvalidOperation: [<class 'decimal.InvalidOperation'>]
"GET /purchases/orders/ee14833c-8142-43c0-8a8b-217cfb27ecd0/ HTTP/1.1" 500 237952
Internal Server Error: /purchases/orders/ee14833c-8142-43c0-8a8b-217cfb27ecd0/
Traceback (most recent call last):
  File "/home/stewart/Desktop/Projects/ORG2/agentflow/.venv/lib/python3.14/site-packages/django/core/handlers/exception.py", line 55, in inner
    response = get_response(request)
  File "/home/stewart/Desktop/Projects/ORG2/agentflow/.venv/lib/python3.14/site-packages/django/core/handlers/base.py", line 198, in _get_response
    response = wrapped_callback(request, *callback_args, **callback_kwargs)
  File "/home/stewart/Desktop/Projects/ORG2/agentflow/.venv/lib/python3.14/site-packages/django/contrib/auth/decorators.py", line 59, in _view_wrapper
    return view_func(request, *args, **kwargs)
  File "/home/stewart/Desktop/Projects/ORG2/agentflow/purchases/views.py", line 158, in purchase_order_detail_view
    return render(request, 'purchases/purchase_order_detail.html', {
        'order': purchase_order,
        'items': items,
    })
  File "/home/stewart/Desktop/Projects/ORG2/agentflow/.venv/lib/python3.14/site-packages/django/shortcuts.py", line 25, in render
    content = loader.render_to_string(template_name, context, request, using=using)
  File "/home/stewart/Desktop/Projects/ORG2/agentflow/.venv/lib/python3.14/site-packages/django/template/loader.py", line 62, in render_to_string
    return template.render(context, request)
           ~~~~~~~~~~~~~~~^^^^^^^^^^^^^^^^^^
  File "/home/stewart/Desktop/Projects/ORG2/agentflow/.venv/lib/python3.14/site-packages/django/template/backends/django.py", line 107, in render
    return self.template.render(context)
           ~~~~~~~~~~~~~~~~~~~~^^^^^^^^^
  File "/home/stewart/Desktop/Projects/ORG2/agentflow/.venv/lib/python3.14/site-packages/django/template/base.py", line 174, in render
    return self._render(context)
           ~~~~~~~~~~~~^^^^^^^^^
  File "/home/stewart/Desktop/Projects/ORG2/agentflow/.venv/lib/python3.14/site-packages/django/template/base.py", line 166, in _render
    return self.nodelist.render(context)
           ~~~~~~~~~~~~~~~~~~~~^^^^^^^^^
  File "/home/stewart/Desktop/Projects/ORG2/agentflow/.venv/lib/python3.14/site-packages/django/template/base.py", line 1091, in render
    return SafeString("".join([node.render_annotated(context) for node in self]))
                               ~~~~~~~~~~~~~~~~~~~~~^^^^^^^^^
  File "/home/stewart/Desktop/Projects/ORG2/agentflow/.venv/lib/python3.14/site-packages/django/template/base.py", line 1052, in render_annotated
    return self.render(context)
           ~~~~~~~~~~~^^^^^^^^^
  File "/home/stewart/Desktop/Projects/ORG2/agentflow/.venv/lib/python3.14/site-packages/django/template/loader_tags.py", line 160, in render
    return compiled_parent._render(context)
           ~~~~~~~~~~~~~~~~~~~~~~~^^^^^^^^^
  File "/home/stewart/Desktop/Projects/ORG2/agentflow/.venv/lib/python3.14/site-packages/django/template/base.py", line 166, in _render
    return self.nodelist.render(context)
           ~~~~~~~~~~~~~~~~~~~~^^^^^^^^^
  File "/home/stewart/Desktop/Projects/ORG2/agentflow/.venv/lib/python3.14/site-packages/django/template/base.py", line 1091, in render
    return SafeString("".join([node.render_annotated(context) for node in self]))
                               ~~~~~~~~~~~~~~~~~~~~~^^^^^^^^^
  File "/home/stewart/Desktop/Projects/ORG2/agentflow/.venv/lib/python3.14/site-packages/django/template/base.py", line 1052, in render_annotated
    return self.render(context)
           ~~~~~~~~~~~^^^^^^^^^
  File "/home/stewart/Desktop/Projects/ORG2/agentflow/.venv/lib/python3.14/site-packages/django/template/defaulttags.py", line 333, in render
    return nodelist.render(context)
           ~~~~~~~~~~~~~~~^^^^^^^^^
  File "/home/stewart/Desktop/Projects/ORG2/agentflow/.venv/lib/python3.14/site-packages/django/template/base.py", line 1091, in render
    return SafeString("".join([node.render_annotated(context) for node in self]))
                               ~~~~~~~~~~~~~~~~~~~~~^^^^^^^^^
  File "/home/stewart/Desktop/Projects/ORG2/agentflow/.venv/lib/python3.14/site-packages/django/template/base.py", line 1052, in render_annotated
    return self.render(context)
           ~~~~~~~~~~~^^^^^^^^^
  File "/home/stewart/Desktop/Projects/ORG2/agentflow/.venv/lib/python3.14/site-packages/django/template/loader_tags.py", line 66, in render
    result = block.nodelist.render(context)
  File "/home/stewart/Desktop/Projects/ORG2/agentflow/.venv/lib/python3.14/site-packages/django/template/base.py", line 1091, in render
    return SafeString("".join([node.render_annotated(context) for node in self]))
                               ~~~~~~~~~~~~~~~~~~~~~^^^^^^^^^
  File "/home/stewart/Desktop/Projects/ORG2/agentflow/.venv/lib/python3.14/site-packages/django/template/base.py", line 1052, in render_annotated
    return self.render(context)
           ~~~~~~~~~~~^^^^^^^^^
  File "/home/stewart/Desktop/Projects/ORG2/agentflow/.venv/lib/python3.14/site-packages/django/template/base.py", line 1150, in render
    output = self.filter_expression.resolve(context)
  File "/home/stewart/Desktop/Projects/ORG2/agentflow/.venv/lib/python3.14/site-packages/django/template/base.py", line 815, in resolve
    new_obj = func(obj, *arg_vals)
  File "/home/stewart/Desktop/Projects/ORG2/agentflow/.venv/lib/python3.14/site-packages/django/template/defaultfilters.py", line 637, in length
    return len(value)
  File "/home/stewart/Desktop/Projects/ORG2/agentflow/.venv/lib/python3.14/site-packages/django/db/models/query.py", line 372, in __len__
    self._fetch_all()
    ~~~~~~~~~~~~~~~^^
  File "/home/stewart/Desktop/Projects/ORG2/agentflow/.venv/lib/python3.14/site-packages/django/db/models/query.py", line 2000, in _fetch_all
    self._result_cache = list(self._iterable_class(self))
                         ~~~~^^^^^^^^^^^^^^^^^^^^^^^^^^^^
  File "/home/stewart/Desktop/Projects/ORG2/agentflow/.venv/lib/python3.14/site-packages/django/db/models/query.py", line 127, in __iter__
    for row in compiler.results_iter(results):
               ~~~~~~~~~~~~~~~~~~~~~^^^^^^^^^
  File "/home/stewart/Desktop/Projects/ORG2/agentflow/.venv/lib/python3.14/site-packages/django/db/models/sql/compiler.py", line 1542, in apply_converters
    value = converter(value, expression, connection)
  File "/home/stewart/Desktop/Projects/ORG2/agentflow/.venv/lib/python3.14/site-packages/django/db/backends/sqlite3/operations.py", line 334, in converter
    return create_decimal(value).quantize(
           ~~~~~~~~~~~~~~~~~~~~~~~~~~~~~~^
        quantize_value, context=expression.output_field.context
        ^^^^^^^^^^^^^^^^^^^^^^^^^^^^^^^^^^^^^^^^^^^^^^^^^^^^^^^
    )
    ^
decimal.InvalidOperation: [<class 'decimal.InvalidOperation'>]
"GET /purchases/orders/ee14833c-8142-43c0-8a8b-217cfb27ecd0/ HTTP/1.1" 500 237952
Internal Server Error: /purchases/orders/244f7c85-d135-43ff-93d6-285b44e2d618/
Traceback (most recent call last):
  File "/home/stewart/Desktop/Projects/ORG2/agentflow/.venv/lib/python3.14/site-packages/django/core/handlers/exception.py", line 55, in inner
    response = get_response(request)
  File "/home/stewart/Desktop/Projects/ORG2/agentflow/.venv/lib/python3.14/site-packages/django/core/handlers/base.py", line 198, in _get_response
    response = wrapped_callback(request, *callback_args, **callback_kwargs)
  File "/home/stewart/Desktop/Projects/ORG2/agentflow/.venv/lib/python3.14/site-packages/django/contrib/auth/decorators.py", line 59, in _view_wrapper
    return view_func(request, *args, **kwargs)
  File "/home/stewart/Desktop/Projects/ORG2/agentflow/purchases/views.py", line 158, in purchase_order_detail_view
    return render(request, 'purchases/purchase_order_detail.html', {
        'order': purchase_order,
        'items': items,
    })
  File "/home/stewart/Desktop/Projects/ORG2/agentflow/.venv/lib/python3.14/site-packages/django/shortcuts.py", line 25, in render
    content = loader.render_to_string(template_name, context, request, using=using)
  File "/home/stewart/Desktop/Projects/ORG2/agentflow/.venv/lib/python3.14/site-packages/django/template/loader.py", line 62, in render_to_string
    return template.render(context, request)
           ~~~~~~~~~~~~~~~^^^^^^^^^^^^^^^^^^
  File "/home/stewart/Desktop/Projects/ORG2/agentflow/.venv/lib/python3.14/site-packages/django/template/backends/django.py", line 107, in render
    return self.template.render(context)
           ~~~~~~~~~~~~~~~~~~~~^^^^^^^^^
  File "/home/stewart/Desktop/Projects/ORG2/agentflow/.venv/lib/python3.14/site-packages/django/template/base.py", line 174, in render
    return self._render(context)
           ~~~~~~~~~~~~^^^^^^^^^
  File "/home/stewart/Desktop/Projects/ORG2/agentflow/.venv/lib/python3.14/site-packages/django/template/base.py", line 166, in _render
    return self.nodelist.render(context)
           ~~~~~~~~~~~~~~~~~~~~^^^^^^^^^
  File "/home/stewart/Desktop/Projects/ORG2/agentflow/.venv/lib/python3.14/site-packages/django/template/base.py", line 1091, in render
    return SafeString("".join([node.render_annotated(context) for node in self]))
                               ~~~~~~~~~~~~~~~~~~~~~^^^^^^^^^
  File "/home/stewart/Desktop/Projects/ORG2/agentflow/.venv/lib/python3.14/site-packages/django/template/base.py", line 1052, in render_annotated
    return self.render(context)
           ~~~~~~~~~~~^^^^^^^^^
  File "/home/stewart/Desktop/Projects/ORG2/agentflow/.venv/lib/python3.14/site-packages/django/template/loader_tags.py", line 160, in render
    return compiled_parent._render(context)
           ~~~~~~~~~~~~~~~~~~~~~~~^^^^^^^^^
  File "/home/stewart/Desktop/Projects/ORG2/agentflow/.venv/lib/python3.14/site-packages/django/template/base.py", line 166, in _render
    return self.nodelist.render(context)
           ~~~~~~~~~~~~~~~~~~~~^^^^^^^^^
  File "/home/stewart/Desktop/Projects/ORG2/agentflow/.venv/lib/python3.14/site-packages/django/template/base.py", line 1091, in render
    return SafeString("".join([node.render_annotated(context) for node in self]))
                               ~~~~~~~~~~~~~~~~~~~~~^^^^^^^^^
  File "/home/stewart/Desktop/Projects/ORG2/agentflow/.venv/lib/python3.14/site-packages/django/template/base.py", line 1052, in render_annotated
    return self.render(context)
           ~~~~~~~~~~~^^^^^^^^^
  File "/home/stewart/Desktop/Projects/ORG2/agentflow/.venv/lib/python3.14/site-packages/django/template/defaulttags.py", line 333, in render
    return nodelist.render(context)
           ~~~~~~~~~~~~~~~^^^^^^^^^
  File "/home/stewart/Desktop/Projects/ORG2/agentflow/.venv/lib/python3.14/site-packages/django/template/base.py", line 1091, in render
    return SafeString("".join([node.render_annotated(context) for node in self]))
                               ~~~~~~~~~~~~~~~~~~~~~^^^^^^^^^
  File "/home/stewart/Desktop/Projects/ORG2/agentflow/.venv/lib/python3.14/site-packages/django/template/base.py", line 1052, in render_annotated
    return self.render(context)
           ~~~~~~~~~~~^^^^^^^^^
  File "/home/stewart/Desktop/Projects/ORG2/agentflow/.venv/lib/python3.14/site-packages/django/template/loader_tags.py", line 66, in render
    result = block.nodelist.render(context)
  File "/home/stewart/Desktop/Projects/ORG2/agentflow/.venv/lib/python3.14/site-packages/django/template/base.py", line 1091, in render
    return SafeString("".join([node.render_annotated(context) for node in self]))
                               ~~~~~~~~~~~~~~~~~~~~~^^^^^^^^^
  File "/home/stewart/Desktop/Projects/ORG2/agentflow/.venv/lib/python3.14/site-packages/django/template/base.py", line 1052, in render_annotated
    return self.render(context)
           ~~~~~~~~~~~^^^^^^^^^
  File "/home/stewart/Desktop/Projects/ORG2/agentflow/.venv/lib/python3.14/site-packages/django/template/base.py", line 1150, in render
    output = self.filter_expression.resolve(context)
  File "/home/stewart/Desktop/Projects/ORG2/agentflow/.venv/lib/python3.14/site-packages/django/template/base.py", line 815, in resolve
    new_obj = func(obj, *arg_vals)
  File "/home/stewart/Desktop/Projects/ORG2/agentflow/.venv/lib/python3.14/site-packages/django/template/defaultfilters.py", line 637, in length
    return len(value)
  File "/home/stewart/Desktop/Projects/ORG2/agentflow/.venv/lib/python3.14/site-packages/django/db/models/query.py", line 372, in __len__
    self._fetch_all()
    ~~~~~~~~~~~~~~~^^
  File "/home/stewart/Desktop/Projects/ORG2/agentflow/.venv/lib/python3.14/site-packages/django/db/models/query.py", line 2000, in _fetch_all
    self._result_cache = list(self._iterable_class(self))
                         ~~~~^^^^^^^^^^^^^^^^^^^^^^^^^^^^
  File "/home/stewart/Desktop/Projects/ORG2/agentflow/.venv/lib/python3.14/site-packages/django/db/models/query.py", line 127, in __iter__
    for row in compiler.results_iter(results):
               ~~~~~~~~~~~~~~~~~~~~~^^^^^^^^^
  File "/home/stewart/Desktop/Projects/ORG2/agentflow/.venv/lib/python3.14/site-packages/django/db/models/sql/compiler.py", line 1542, in apply_converters
    value = converter(value, expression, connection)
  File "/home/stewart/Desktop/Projects/ORG2/agentflow/.venv/lib/python3.14/site-packages/django/db/backends/sqlite3/operations.py", line 334, in converter
    return create_decimal(value).quantize(
           ~~~~~~~~~~~~~~~~~~~~~~~~~~~~~~^
        quantize_value, context=expression.output_field.context
        ^^^^^^^^^^^^^^^^^^^^^^^^^^^^^^^^^^^^^^^^^^^^^^^^^^^^^^^
    )
    ^
decimal.InvalidOperation: [<class 'decimal.InvalidOperation'>]
"GET /purchases/orders/244f7c85-d135-43ff-93d6-285b44e2d618/ HTTP/1.1" 500 237946
Internal Server Error: /admin/purchases/purchaseorder/
Traceback (most recent call last):
  File "/home/stewart/Desktop/Projects/ORG2/agentflow/.venv/lib/python3.14/site-packages/django/core/handlers/exception.py", line 55, in inner
    response = get_response(request)
  File "/home/stewart/Desktop/Projects/ORG2/agentflow/.venv/lib/python3.14/site-packages/django/core/handlers/base.py", line 198, in _get_response
    response = wrapped_callback(request, *callback_args, **callback_kwargs)
  File "/home/stewart/Desktop/Projects/ORG2/agentflow/.venv/lib/python3.14/site-packages/django/contrib/admin/options.py", line 711, in wrapper
    return self.admin_site.admin_view(view)(*args, **kwargs)
           ~~~~~~~~~~~~~~~~~~~~~~~~~~~~~~~~^^^^^^^^^^^^^^^^^
  File "/home/stewart/Desktop/Projects/ORG2/agentflow/.venv/lib/python3.14/site-packages/django/utils/decorators.py", line 192, in _view_wrapper
    result = _process_exception(request, e)
  File "/home/stewart/Desktop/Projects/ORG2/agentflow/.venv/lib/python3.14/site-packages/django/utils/decorators.py", line 190, in _view_wrapper
    response = view_func(request, *args, **kwargs)
  File "/home/stewart/Desktop/Projects/ORG2/agentflow/.venv/lib/python3.14/site-packages/django/views/decorators/cache.py", line 80, in _view_wrapper
    response = view_func(request, *args, **kwargs)
  File "/home/stewart/Desktop/Projects/ORG2/agentflow/.venv/lib/python3.14/site-packages/django/contrib/admin/sites.py", line 247, in inner
    return view(request, *args, **kwargs)
  File "/home/stewart/Desktop/Projects/ORG2/agentflow/.venv/lib/python3.14/site-packages/django/utils/decorators.py", line 48, in _wrapper
    return bound_method(*args, **kwargs)
  File "/home/stewart/Desktop/Projects/ORG2/agentflow/.venv/lib/python3.14/site-packages/django/utils/decorators.py", line 192, in _view_wrapper
    result = _process_exception(request, e)
  File "/home/stewart/Desktop/Projects/ORG2/agentflow/.venv/lib/python3.14/site-packages/django/utils/decorators.py", line 190, in _view_wrapper
    response = view_func(request, *args, **kwargs)
  File "/home/stewart/Desktop/Projects/ORG2/agentflow/.venv/lib/python3.14/site-packages/django/contrib/admin/options.py", line 2016, in changelist_view
    response = self.response_action(
        request, queryset=cl.get_queryset(request)
    )
  File "/home/stewart/Desktop/Projects/ORG2/agentflow/.venv/lib/python3.14/site-packages/django/contrib/admin/options.py", line 1645, in response_action
    response = func(self, request, queryset)
  File "/home/stewart/Desktop/Projects/ORG2/agentflow/.venv/lib/python3.14/site-packages/django/contrib/admin/actions.py", line 40, in delete_selected
    ) = modeladmin.get_deleted_objects(queryset, request)
        ~~~~~~~~~~~~~~~~~~~~~~~~~~~~~~^^^^^^^^^^^^^^^^^^^
  File "/home/stewart/Desktop/Projects/ORG2/agentflow/.venv/lib/python3.14/site-packages/django/contrib/admin/options.py", line 2160, in get_deleted_objects
    return get_deleted_objects(objs, request, self.admin_site)
  File "/home/stewart/Desktop/Projects/ORG2/agentflow/.venv/lib/python3.14/site-packages/django/contrib/admin/utils.py", line 141, in get_deleted_objects
    collector.collect(objs)
    ~~~~~~~~~~~~~~~~~^^^^^^
  File "/home/stewart/Desktop/Projects/ORG2/agentflow/.venv/lib/python3.14/site-packages/django/contrib/admin/utils.py", line 208, in collect
    return super().collect(objs, source_attr=source_attr, **kwargs)
           ~~~~~~~~~~~~~~~^^^^^^^^^^^^^^^^^^^^^^^^^^^^^^^^^^^^^^^^^
  File "/home/stewart/Desktop/Projects/ORG2/agentflow/.venv/lib/python3.14/site-packages/django/db/models/deletion.py", line 347, in collect
    if getattr(on_delete, "lazy_sub_objs", False) or sub_objs:
                                                     ^^^^^^^^
  File "/home/stewart/Desktop/Projects/ORG2/agentflow/.venv/lib/python3.14/site-packages/django/db/models/query.py", line 404, in __bool__
    self._fetch_all()
    ~~~~~~~~~~~~~~~^^
  File "/home/stewart/Desktop/Projects/ORG2/agentflow/.venv/lib/python3.14/site-packages/django/db/models/query.py", line 2000, in _fetch_all
    self._result_cache = list(self._iterable_class(self))
                         ~~~~^^^^^^^^^^^^^^^^^^^^^^^^^^^^
  File "/home/stewart/Desktop/Projects/ORG2/agentflow/.venv/lib/python3.14/site-packages/django/db/models/query.py", line 127, in __iter__
    for row in compiler.results_iter(results):
               ~~~~~~~~~~~~~~~~~~~~~^^^^^^^^^
  File "/home/stewart/Desktop/Projects/ORG2/agentflow/.venv/lib/python3.14/site-packages/django/db/models/sql/compiler.py", line 1542, in apply_converters
    value = converter(value, expression, connection)
  File "/home/stewart/Desktop/Projects/ORG2/agentflow/.venv/lib/python3.14/site-packages/django/db/backends/sqlite3/operations.py", line 334, in converter
    return create_decimal(value).quantize(
           ~~~~~~~~~~~~~~~~~~~~~~~~~~~~~~^
        quantize_value, context=expression.output_field.context
        ^^^^^^^^^^^^^^^^^^^^^^^^^^^^^^^^^^^^^^^^^^^^^^^^^^^^^^^
    )
    ^
decimal.InvalidOperation: [<class 'decimal.InvalidOperation'>]
"POST /admin/purchases/purchaseorder/ HTTP/1.1" 500 196791
Internal Server Error: /purchases/orders/7dbf5c1e-e036-4fa2-80a9-dbbec8d56696/
Traceback (most recent call last):
  File "/home/stewart/Desktop/Projects/ORG2/agentflow/.venv/lib/python3.14/site-packages/django/core/handlers/exception.py", line 55, in inner
    response = get_response(request)
  File "/home/stewart/Desktop/Projects/ORG2/agentflow/.venv/lib/python3.14/site-packages/django/core/handlers/base.py", line 198, in _get_response
    response = wrapped_callback(request, *callback_args, **callback_kwargs)
  File "/home/stewart/Desktop/Projects/ORG2/agentflow/.venv/lib/python3.14/site-packages/django/contrib/auth/decorators.py", line 59, in _view_wrapper
    return view_func(request, *args, **kwargs)
  File "/home/stewart/Desktop/Projects/ORG2/agentflow/purchases/views.py", line 158, in purchase_order_detail_view
    return render(request, 'purchases/purchase_order_detail.html', {
        'order': purchase_order,
        'items': items,
    })
  File "/home/stewart/Desktop/Projects/ORG2/agentflow/.venv/lib/python3.14/site-packages/django/shortcuts.py", line 25, in render
    content = loader.render_to_string(template_name, context, request, using=using)
  File "/home/stewart/Desktop/Projects/ORG2/agentflow/.venv/lib/python3.14/site-packages/django/template/loader.py", line 62, in render_to_string
    return template.render(context, request)
           ~~~~~~~~~~~~~~~^^^^^^^^^^^^^^^^^^
  File "/home/stewart/Desktop/Projects/ORG2/agentflow/.venv/lib/python3.14/site-packages/django/template/backends/django.py", line 107, in render
    return self.template.render(context)
           ~~~~~~~~~~~~~~~~~~~~^^^^^^^^^
  File "/home/stewart/Desktop/Projects/ORG2/agentflow/.venv/lib/python3.14/site-packages/django/template/base.py", line 174, in render
    return self._render(context)
           ~~~~~~~~~~~~^^^^^^^^^
  File "/home/stewart/Desktop/Projects/ORG2/agentflow/.venv/lib/python3.14/site-packages/django/template/base.py", line 166, in _render
    return self.nodelist.render(context)
           ~~~~~~~~~~~~~~~~~~~~^^^^^^^^^
  File "/home/stewart/Desktop/Projects/ORG2/agentflow/.venv/lib/python3.14/site-packages/django/template/base.py", line 1091, in render
    return SafeString("".join([node.render_annotated(context) for node in self]))
                               ~~~~~~~~~~~~~~~~~~~~~^^^^^^^^^
  File "/home/stewart/Desktop/Projects/ORG2/agentflow/.venv/lib/python3.14/site-packages/django/template/base.py", line 1052, in render_annotated
    return self.render(context)
           ~~~~~~~~~~~^^^^^^^^^
  File "/home/stewart/Desktop/Projects/ORG2/agentflow/.venv/lib/python3.14/site-packages/django/template/loader_tags.py", line 160, in render
    return compiled_parent._render(context)
           ~~~~~~~~~~~~~~~~~~~~~~~^^^^^^^^^
  File "/home/stewart/Desktop/Projects/ORG2/agentflow/.venv/lib/python3.14/site-packages/django/template/base.py", line 166, in _render
    return self.nodelist.render(context)
           ~~~~~~~~~~~~~~~~~~~~^^^^^^^^^
  File "/home/stewart/Desktop/Projects/ORG2/agentflow/.venv/lib/python3.14/site-packages/django/template/base.py", line 1091, in render
    return SafeString("".join([node.render_annotated(context) for node in self]))
                               ~~~~~~~~~~~~~~~~~~~~~^^^^^^^^^
  File "/home/stewart/Desktop/Projects/ORG2/agentflow/.venv/lib/python3.14/site-packages/django/template/base.py", line 1052, in render_annotated
    return self.render(context)
           ~~~~~~~~~~~^^^^^^^^^
  File "/home/stewart/Desktop/Projects/ORG2/agentflow/.venv/lib/python3.14/site-packages/django/template/defaulttags.py", line 333, in render
    return nodelist.render(context)
           ~~~~~~~~~~~~~~~^^^^^^^^^
  File "/home/stewart/Desktop/Projects/ORG2/agentflow/.venv/lib/python3.14/site-packages/django/template/base.py", line 1091, in render
    return SafeString("".join([node.render_annotated(context) for node in self]))
                               ~~~~~~~~~~~~~~~~~~~~~^^^^^^^^^
  File "/home/stewart/Desktop/Projects/ORG2/agentflow/.venv/lib/python3.14/site-packages/django/template/base.py", line 1052, in render_annotated
    return self.render(context)
           ~~~~~~~~~~~^^^^^^^^^
  File "/home/stewart/Desktop/Projects/ORG2/agentflow/.venv/lib/python3.14/site-packages/django/template/loader_tags.py", line 66, in render
    result = block.nodelist.render(context)
  File "/home/stewart/Desktop/Projects/ORG2/agentflow/.venv/lib/python3.14/site-packages/django/template/base.py", line 1091, in render
    return SafeString("".join([node.render_annotated(context) for node in self]))
                               ~~~~~~~~~~~~~~~~~~~~~^^^^^^^^^
  File "/home/stewart/Desktop/Projects/ORG2/agentflow/.venv/lib/python3.14/site-packages/django/template/base.py", line 1052, in render_annotated
    return self.render(context)
           ~~~~~~~~~~~^^^^^^^^^
  File "/home/stewart/Desktop/Projects/ORG2/agentflow/.venv/lib/python3.14/site-packages/django/template/base.py", line 1150, in render
    output = self.filter_expression.resolve(context)
  File "/home/stewart/Desktop/Projects/ORG2/agentflow/.venv/lib/python3.14/site-packages/django/template/base.py", line 815, in resolve
    new_obj = func(obj, *arg_vals)
  File "/home/stewart/Desktop/Projects/ORG2/agentflow/.venv/lib/python3.14/site-packages/django/template/defaultfilters.py", line 637, in length
    return len(value)
  File "/home/stewart/Desktop/Projects/ORG2/agentflow/.venv/lib/python3.14/site-packages/django/db/models/query.py", line 372, in __len__
    self._fetch_all()
    ~~~~~~~~~~~~~~~^^
  File "/home/stewart/Desktop/Projects/ORG2/agentflow/.venv/lib/python3.14/site-packages/django/db/models/query.py", line 2000, in _fetch_all
    self._result_cache = list(self._iterable_class(self))
                         ~~~~^^^^^^^^^^^^^^^^^^^^^^^^^^^^
  File "/home/stewart/Desktop/Projects/ORG2/agentflow/.venv/lib/python3.14/site-packages/django/db/models/query.py", line 127, in __iter__
    for row in compiler.results_iter(results):
               ~~~~~~~~~~~~~~~~~~~~~^^^^^^^^^
  File "/home/stewart/Desktop/Projects/ORG2/agentflow/.venv/lib/python3.14/site-packages/django/db/models/sql/compiler.py", line 1542, in apply_converters
    value = converter(value, expression, connection)
  File "/home/stewart/Desktop/Projects/ORG2/agentflow/.venv/lib/python3.14/site-packages/django/db/backends/sqlite3/operations.py", line 334, in converter
    return create_decimal(value).quantize(
           ~~~~~~~~~~~~~~~~~~~~~~~~~~~~~~^
        quantize_value, context=expression.output_field.context
        ^^^^^^^^^^^^^^^^^^^^^^^^^^^^^^^^^^^^^^^^^^^^^^^^^^^^^^^
    )
    ^
decimal.InvalidOperation: [<class 'decimal.InvalidOperation'>]
"GET /purchases/orders/7dbf5c1e-e036-4fa2-80a9-dbbec8d56696/ HTTP/1.1" 500 241896
Internal Server Error: /inventory/products/b76c0c07-aa0d-4980-8d81-6a8f471b84a8/update/
Traceback (most recent call last):
  File "/home/stewart/Desktop/Projects/ORG2/agentflow/.venv/lib/python3.14/site-packages/django/db/backends/utils.py", line 105, in _execute
    return self.cursor.execute(sql, params)
           ~~~~~~~~~~~~~~~~~~~^^^^^^^^^^^^^
  File "/home/stewart/Desktop/Projects/ORG2/agentflow/.venv/lib/python3.14/site-packages/django/db/backends/sqlite3/base.py", line 359, in execute
    return super().execute(query, params)
           ~~~~~~~~~~~~~~~^^^^^^^^^^^^^^^
sqlite3.OperationalError: database is locked

The above exception was the direct cause of the following exception:

Traceback (most recent call last):
  File "/home/stewart/Desktop/Projects/ORG2/agentflow/.venv/lib/python3.14/site-packages/django/core/handlers/exception.py", line 55, in inner
    response = get_response(request)
  File "/home/stewart/Desktop/Projects/ORG2/agentflow/.venv/lib/python3.14/site-packages/django/utils/deprecation.py", line 308, in __call__
    response = self.process_request(request)
  File "/home/stewart/Desktop/Projects/ORG2/agentflow/accounts/middleware.py", line 12, in process_request
    request.user.save(update_fields=['last_activity'])
    ~~~~~~~~~~~~~~~~~^^^^^^^^^^^^^^^^^^^^^^^^^^^^^^^^^
  File "/home/stewart/Desktop/Projects/ORG2/agentflow/accounts/models.py", line 48, in save
    super().save(*args, **kwargs)
    ~~~~~~~~~~~~^^^^^^^^^^^^^^^^^
  File "/home/stewart/Desktop/Projects/ORG2/agentflow/.venv/lib/python3.14/site-packages/django/contrib/auth/base_user.py", line 62, in save
    super().save(**kwargs)
    ~~~~~~~~~~~~^^^^^^^^^^
  File "/home/stewart/Desktop/Projects/ORG2/agentflow/.venv/lib/python3.14/site-packages/django/db/models/base.py", line 874, in save
    self.save_base(
    ~~~~~~~~~~~~~~^
        using=using,
        ^^^^^^^^^^^^
    ...<2 lines>...
        update_fields=update_fields,
        ^^^^^^^^^^^^^^^^^^^^^^^^^^^^
    )
    ^
  File "/home/stewart/Desktop/Projects/ORG2/agentflow/.venv/lib/python3.14/site-packages/django/db/models/base.py", line 966, in save_base
    updated = self._save_table(
        raw,
    ...<4 lines>...
        update_fields,
    )
  File "/home/stewart/Desktop/Projects/ORG2/agentflow/.venv/lib/python3.14/site-packages/django/db/models/base.py", line 1110, in _save_table
    results = self._do_update(
        base_qs,
    ...<5 lines>...
        returning_fields,
    )
  File "/home/stewart/Desktop/Projects/ORG2/agentflow/.venv/lib/python3.14/site-packages/django/db/models/base.py", line 1213, in _do_update
    return filtered._update(values, returning_fields)
           ~~~~~~~~~~~~~~~~^^^^^^^^^^^^^^^^^^^^^^^^^^
  File "/home/stewart/Desktop/Projects/ORG2/agentflow/.venv/lib/python3.14/site-packages/django/db/models/query.py", line 1327, in _update
    return query.get_compiler(self.db).execute_returning_sql(returning_fields)
           ~~~~~~~~~~~~~~~~~~~~~~~~~~~~~~~~~~~~~~~~~~~~~~~~~^^^^^^^^^^^^^^^^^^
  File "/home/stewart/Desktop/Projects/ORG2/agentflow/.venv/lib/python3.14/site-packages/django/db/models/sql/compiler.py", line 2140, in execute_returning_sql
    row_count = self.execute_sql(ROW_COUNT)
  File "/home/stewart/Desktop/Projects/ORG2/agentflow/.venv/lib/python3.14/site-packages/django/db/models/sql/compiler.py", line 2111, in execute_sql
    row_count = super().execute_sql(result_type)
  File "/home/stewart/Desktop/Projects/ORG2/agentflow/.venv/lib/python3.14/site-packages/django/db/models/sql/compiler.py", line 1624, in execute_sql
    cursor.execute(sql, params)
    ~~~~~~~~~~~~~~^^^^^^^^^^^^^
  File "/home/stewart/Desktop/Projects/ORG2/agentflow/.venv/lib/python3.14/site-packages/django/db/backends/utils.py", line 122, in execute
    return super().execute(sql, params)
           ~~~~~~~~~~~~~~~^^^^^^^^^^^^^
  File "/home/stewart/Desktop/Projects/ORG2/agentflow/.venv/lib/python3.14/site-packages/django/db/backends/utils.py", line 79, in execute
    return self._execute_with_wrappers(
           ~~~~~~~~~~~~~~~~~~~~~~~~~~~^
        sql, params, many=False, executor=self._execute
        ^^^^^^^^^^^^^^^^^^^^^^^^^^^^^^^^^^^^^^^^^^^^^^^
    )
    ^
  File "/home/stewart/Desktop/Projects/ORG2/agentflow/.venv/lib/python3.14/site-packages/django/db/backends/utils.py", line 92, in _execute_with_wrappers
    return executor(sql, params, many, context)
  File "/home/stewart/Desktop/Projects/ORG2/agentflow/.venv/lib/python3.14/site-packages/django/db/backends/utils.py", line 100, in _execute
    with self.db.wrap_database_errors:
         ^^^^^^^^^^^^^^^^^^^^^^^^^^^^
  File "/home/stewart/Desktop/Projects/ORG2/agentflow/.venv/lib/python3.14/site-packages/django/db/utils.py", line 94, in __exit__
    raise dj_exc_value.with_traceback(traceback) from exc_value
  File "/home/stewart/Desktop/Projects/ORG2/agentflow/.venv/lib/python3.14/site-packages/django/db/backends/utils.py", line 105, in _execute
    return self.cursor.execute(sql, params)
           ~~~~~~~~~~~~~~~~~~~^^^^^^^^^^^^^
  File "/home/stewart/Desktop/Projects/ORG2/agentflow/.venv/lib/python3.14/site-packages/django/db/backends/sqlite3/base.py", line 359, in execute
    return super().execute(query, params)
           ~~~~~~~~~~~~~~~^^^^^^^^^^^^^^^
django.db.utils.OperationalError: database is locked
Internal Server Error: /pos-table/
Traceback (most recent call last):
  File "/home/stewart/Desktop/Projects/ORG2/agentflow/.venv/lib/python3.14/site-packages/django/contrib/sessions/backends/base.py", line 246, in _get_session
    return self._session_cache
           ^^^^^^^^^^^^^^^^^^^
AttributeError: 'SessionStore' object has no attribute '_session_cache'

During handling of the above exception, another exception occurred:

Traceback (most recent call last):
  File "/home/stewart/Desktop/Projects/ORG2/agentflow/.venv/lib/python3.14/site-packages/django/db/backends/utils.py", line 105, in _execute
    return self.cursor.execute(sql, params)
           ~~~~~~~~~~~~~~~~~~~^^^^^^^^^^^^^
  File "/home/stewart/Desktop/Projects/ORG2/agentflow/.venv/lib/python3.14/site-packages/django/db/backends/sqlite3/base.py", line 359, in execute
    return super().execute(query, params)
           ~~~~~~~~~~~~~~~^^^^^^^^^^^^^^^
sqlite3.OperationalError: database is locked

The above exception was the direct cause of the following exception:

Traceback (most recent call last):
  File "/home/stewart/Desktop/Projects/ORG2/agentflow/.venv/lib/python3.14/site-packages/django/core/handlers/exception.py", line 55, in inner
    response = get_response(request)
  File "/home/stewart/Desktop/Projects/ORG2/agentflow/.venv/lib/python3.14/site-packages/django/utils/deprecation.py", line 308, in __call__
    response = self.process_request(request)
  File "/home/stewart/Desktop/Projects/ORG2/agentflow/accounts/middleware.py", line 9, in process_request
    if request.user.is_authenticated:
       ^^^^^^^^^^^^^^^^^^^^^^^^^^^^^
  File "/home/stewart/Desktop/Projects/ORG2/agentflow/.venv/lib/python3.14/site-packages/django/utils/functional.py", line 251, in inner
    self._setup()
    ~~~~~~~~~~~^^
  File "/home/stewart/Desktop/Projects/ORG2/agentflow/.venv/lib/python3.14/site-packages/django/utils/functional.py", line 404, in _setup
    self._wrapped = self._setupfunc()
                    ~~~~~~~~~~~~~~~^^
  File "/home/stewart/Desktop/Projects/ORG2/agentflow/.venv/lib/python3.14/site-packages/django/contrib/auth/middleware.py", line 40, in <lambda>
    request.user = SimpleLazyObject(lambda: get_user(request))
                                            ~~~~~~~~^^^^^^^^^
  File "/home/stewart/Desktop/Projects/ORG2/agentflow/.venv/lib/python3.14/site-packages/django/contrib/auth/middleware.py", line 20, in get_user
    request._cached_user = auth.get_user(request)
                           ~~~~~~~~~~~~~^^^^^^^^^
  File "/home/stewart/Desktop/Projects/ORG2/agentflow/.venv/lib/python3.14/site-packages/django/contrib/auth/__init__.py", line 321, in get_user
    user_id = _get_user_session_key(request)
  File "/home/stewart/Desktop/Projects/ORG2/agentflow/.venv/lib/python3.14/site-packages/django/contrib/auth/__init__.py", line 95, in _get_user_session_key
    return get_user_model()._meta.pk.to_python(request.session[SESSION_KEY])
                                               ~~~~~~~~~~~~~~~^^^^^^^^^^^^^
  File "/home/stewart/Desktop/Projects/ORG2/agentflow/.venv/lib/python3.14/site-packages/django/contrib/sessions/backends/base.py", line 55, in __getitem__
    return self._session[key]
           ^^^^^^^^^^^^^
  File "/home/stewart/Desktop/Projects/ORG2/agentflow/.venv/lib/python3.14/site-packages/django/contrib/sessions/backends/base.py", line 251, in _get_session
    self._session_cache = self.load()
                          ~~~~~~~~~^^
  File "/home/stewart/Desktop/Projects/ORG2/agentflow/.venv/lib/python3.14/site-packages/django/contrib/sessions/backends/db.py", line 55, in load
    s = self._get_session_from_db()
  File "/home/stewart/Desktop/Projects/ORG2/agentflow/.venv/lib/python3.14/site-packages/django/contrib/sessions/backends/db.py", line 34, in _get_session_from_db
    return self.model.objects.get(
           ~~~~~~~~~~~~~~~~~~~~~~^
        session_key=self.session_key, expire_date__gt=timezone.now()
        ^^^^^^^^^^^^^^^^^^^^^^^^^^^^^^^^^^^^^^^^^^^^^^^^^^^^^^^^^^^^
    )
    ^
  File "/home/stewart/Desktop/Projects/ORG2/agentflow/.venv/lib/python3.14/site-packages/django/db/models/manager.py", line 87, in manager_method
    return getattr(self.get_queryset(), name)(*args, **kwargs)
           ~~~~~~~~~~~~~~~~~~~~~~~~~~~~~~~~~~^^^^^^^^^^^^^^^^^
  File "/home/stewart/Desktop/Projects/ORG2/agentflow/.venv/lib/python3.14/site-packages/django/db/models/query.py", line 635, in get
    num = len(clone)
  File "/home/stewart/Desktop/Projects/ORG2/agentflow/.venv/lib/python3.14/site-packages/django/db/models/query.py", line 372, in __len__
    self._fetch_all()
    ~~~~~~~~~~~~~~~^^
  File "/home/stewart/Desktop/Projects/ORG2/agentflow/.venv/lib/python3.14/site-packages/django/db/models/query.py", line 2000, in _fetch_all
    self._result_cache = list(self._iterable_class(self))
                         ~~~~^^^^^^^^^^^^^^^^^^^^^^^^^^^^
  File "/home/stewart/Desktop/Projects/ORG2/agentflow/.venv/lib/python3.14/site-packages/django/db/models/query.py", line 95, in __iter__
    results = compiler.execute_sql(
        chunked_fetch=self.chunked_fetch, chunk_size=self.chunk_size
    )
  File "/home/stewart/Desktop/Projects/ORG2/agentflow/.venv/lib/python3.14/site-packages/django/db/models/sql/compiler.py", line 1624, in execute_sql
    cursor.execute(sql, params)
    ~~~~~~~~~~~~~~^^^^^^^^^^^^^
  File "/home/stewart/Desktop/Projects/ORG2/agentflow/.venv/lib/python3.14/site-packages/django/db/backends/utils.py", line 122, in execute
    return super().execute(sql, params)
           ~~~~~~~~~~~~~~~^^^^^^^^^^^^^
  File "/home/stewart/Desktop/Projects/ORG2/agentflow/.venv/lib/python3.14/site-packages/django/db/backends/utils.py", line 79, in execute
    return self._execute_with_wrappers(
           ~~~~~~~~~~~~~~~~~~~~~~~~~~~^
        sql, params, many=False, executor=self._execute
        ^^^^^^^^^^^^^^^^^^^^^^^^^^^^^^^^^^^^^^^^^^^^^^^
    )
    ^
  File "/home/stewart/Desktop/Projects/ORG2/agentflow/.venv/lib/python3.14/site-packages/django/db/backends/utils.py", line 92, in _execute_with_wrappers
    return executor(sql, params, many, context)
  File "/home/stewart/Desktop/Projects/ORG2/agentflow/.venv/lib/python3.14/site-packages/django/db/backends/utils.py", line 100, in _execute
    with self.db.wrap_database_errors:
         ^^^^^^^^^^^^^^^^^^^^^^^^^^^^
  File "/home/stewart/Desktop/Projects/ORG2/agentflow/.venv/lib/python3.14/site-packages/django/db/utils.py", line 94, in __exit__
    raise dj_exc_value.with_traceback(traceback) from exc_value
  File "/home/stewart/Desktop/Projects/ORG2/agentflow/.venv/lib/python3.14/site-packages/django/db/backends/utils.py", line 105, in _execute
    return self.cursor.execute(sql, params)
           ~~~~~~~~~~~~~~~~~~~^^^^^^^^^^^^^
  File "/home/stewart/Desktop/Projects/ORG2/agentflow/.venv/lib/python3.14/site-packages/django/db/backends/sqlite3/base.py", line 359, in execute
    return super().execute(query, params)
           ~~~~~~~~~~~~~~~^^^^^^^^^^^^^^^
django.db.utils.OperationalError: database is locked
Internal Server Error: /pos-table/
Traceback (most recent call last):
  File "/home/stewart/Desktop/Projects/ORG2/agentflow/.venv/lib/python3.14/site-packages/django/contrib/sessions/backends/base.py", line 246, in _get_session
    return self._session_cache
           ^^^^^^^^^^^^^^^^^^^
AttributeError: 'SessionStore' object has no attribute '_session_cache'

During handling of the above exception, another exception occurred:

Traceback (most recent call last):
  File "/home/stewart/Desktop/Projects/ORG2/agentflow/.venv/lib/python3.14/site-packages/django/db/backends/base/base.py", line 279, in ensure_connection
    self.connect()
    ~~~~~~~~~~~~^^
  File "/home/stewart/Desktop/Projects/ORG2/agentflow/.venv/lib/python3.14/site-packages/django/utils/asyncio.py", line 26, in inner
    return func(*args, **kwargs)
  File "/home/stewart/Desktop/Projects/ORG2/agentflow/.venv/lib/python3.14/site-packages/django/db/backends/base/base.py", line 256, in connect
    self.connection = self.get_new_connection(conn_params)
                      ~~~~~~~~~~~~~~~~~~~~~~~^^^^^^^^^^^^^
  File "/home/stewart/Desktop/Projects/ORG2/agentflow/.venv/lib/python3.14/site-packages/django/utils/asyncio.py", line 26, in inner
    return func(*args, **kwargs)
  File "/home/stewart/Desktop/Projects/ORG2/agentflow/.venv/lib/python3.14/site-packages/django/db/backends/sqlite3/base.py", line 206, in get_new_connection
    register_functions(conn)
    ~~~~~~~~~~~~~~~~~~^^^^^^
  File "/home/stewart/Desktop/Projects/ORG2/agentflow/.venv/lib/python3.14/site-packages/django/db/backends/sqlite3/_functions.py", line 86, in register
    if not connection.execute(sql).fetchone()[0]:
           ~~~~~~~~~~~~~~~~~~^^^^^
sqlite3.OperationalError: database is locked

The above exception was the direct cause of the following exception:

Traceback (most recent call last):
  File "/home/stewart/Desktop/Projects/ORG2/agentflow/.venv/lib/python3.14/site-packages/django/core/handlers/exception.py", line 55, in inner
    response = get_response(request)
  File "/home/stewart/Desktop/Projects/ORG2/agentflow/.venv/lib/python3.14/site-packages/django/utils/deprecation.py", line 308, in __call__
    response = self.process_request(request)
  File "/home/stewart/Desktop/Projects/ORG2/agentflow/accounts/middleware.py", line 9, in process_request
    if request.user.is_authenticated:
       ^^^^^^^^^^^^^^^^^^^^^^^^^^^^^
  File "/home/stewart/Desktop/Projects/ORG2/agentflow/.venv/lib/python3.14/site-packages/django/utils/functional.py", line 251, in inner
    self._setup()
    ~~~~~~~~~~~^^
  File "/home/stewart/Desktop/Projects/ORG2/agentflow/.venv/lib/python3.14/site-packages/django/utils/functional.py", line 404, in _setup
    self._wrapped = self._setupfunc()
                    ~~~~~~~~~~~~~~~^^
  File "/home/stewart/Desktop/Projects/ORG2/agentflow/.venv/lib/python3.14/site-packages/django/contrib/auth/middleware.py", line 40, in <lambda>
    request.user = SimpleLazyObject(lambda: get_user(request))
                                            ~~~~~~~~^^^^^^^^^
  File "/home/stewart/Desktop/Projects/ORG2/agentflow/.venv/lib/python3.14/site-packages/django/contrib/auth/middleware.py", line 20, in get_user
    request._cached_user = auth.get_user(request)
                           ~~~~~~~~~~~~~^^^^^^^^^
  File "/home/stewart/Desktop/Projects/ORG2/agentflow/.venv/lib/python3.14/site-packages/django/contrib/auth/__init__.py", line 321, in get_user
    user_id = _get_user_session_key(request)
  File "/home/stewart/Desktop/Projects/ORG2/agentflow/.venv/lib/python3.14/site-packages/django/contrib/auth/__init__.py", line 95, in _get_user_session_key
    return get_user_model()._meta.pk.to_python(request.session[SESSION_KEY])
                                               ~~~~~~~~~~~~~~~^^^^^^^^^^^^^
  File "/home/stewart/Desktop/Projects/ORG2/agentflow/.venv/lib/python3.14/site-packages/django/contrib/sessions/backends/base.py", line 55, in __getitem__
    return self._session[key]
           ^^^^^^^^^^^^^
  File "/home/stewart/Desktop/Projects/ORG2/agentflow/.venv/lib/python3.14/site-packages/django/contrib/sessions/backends/base.py", line 251, in _get_session
    self._session_cache = self.load()
                          ~~~~~~~~~^^
  File "/home/stewart/Desktop/Projects/ORG2/agentflow/.venv/lib/python3.14/site-packages/django/contrib/sessions/backends/db.py", line 55, in load
    s = self._get_session_from_db()
  File "/home/stewart/Desktop/Projects/ORG2/agentflow/.venv/lib/python3.14/site-packages/django/contrib/sessions/backends/db.py", line 34, in _get_session_from_db
    return self.model.objects.get(
           ~~~~~~~~~~~~~~~~~~~~~~^
        session_key=self.session_key, expire_date__gt=timezone.now()
        ^^^^^^^^^^^^^^^^^^^^^^^^^^^^^^^^^^^^^^^^^^^^^^^^^^^^^^^^^^^^
    )
    ^
  File "/home/stewart/Desktop/Projects/ORG2/agentflow/.venv/lib/python3.14/site-packages/django/db/models/manager.py", line 87, in manager_method
    return getattr(self.get_queryset(), name)(*args, **kwargs)
           ~~~~~~~~~~~~~~~~~~~~~~~~~~~~~~~~~~^^^^^^^^^^^^^^^^^
  File "/home/stewart/Desktop/Projects/ORG2/agentflow/.venv/lib/python3.14/site-packages/django/db/models/query.py", line 635, in get
    num = len(clone)
  File "/home/stewart/Desktop/Projects/ORG2/agentflow/.venv/lib/python3.14/site-packages/django/db/models/query.py", line 372, in __len__
    self._fetch_all()
    ~~~~~~~~~~~~~~~^^
  File "/home/stewart/Desktop/Projects/ORG2/agentflow/.venv/lib/python3.14/site-packages/django/db/models/query.py", line 2000, in _fetch_all
    self._result_cache = list(self._iterable_class(self))
                         ~~~~^^^^^^^^^^^^^^^^^^^^^^^^^^^^
  File "/home/stewart/Desktop/Projects/ORG2/agentflow/.venv/lib/python3.14/site-packages/django/db/models/query.py", line 95, in __iter__
    results = compiler.execute_sql(
        chunked_fetch=self.chunked_fetch, chunk_size=self.chunk_size
    )
  File "/home/stewart/Desktop/Projects/ORG2/agentflow/.venv/lib/python3.14/site-packages/django/db/models/sql/compiler.py", line 1622, in execute_sql
    cursor = self.connection.cursor()
  File "/home/stewart/Desktop/Projects/ORG2/agentflow/.venv/lib/python3.14/site-packages/django/utils/asyncio.py", line 26, in inner
    return func(*args, **kwargs)
  File "/home/stewart/Desktop/Projects/ORG2/agentflow/.venv/lib/python3.14/site-packages/django/db/backends/base/base.py", line 320, in cursor
    return self._cursor()
           ~~~~~~~~~~~~^^
  File "/home/stewart/Desktop/Projects/ORG2/agentflow/.venv/lib/python3.14/site-packages/django/db/backends/base/base.py", line 296, in _cursor
    self.ensure_connection()
    ~~~~~~~~~~~~~~~~~~~~~~^^
  File "/home/stewart/Desktop/Projects/ORG2/agentflow/.venv/lib/python3.14/site-packages/django/utils/asyncio.py", line 26, in inner
    return func(*args, **kwargs)
  File "/home/stewart/Desktop/Projects/ORG2/agentflow/.venv/lib/python3.14/site-packages/django/db/backends/base/base.py", line 278, in ensure_connection
    with self.wrap_database_errors:
         ^^^^^^^^^^^^^^^^^^^^^^^^^
  File "/home/stewart/Desktop/Projects/ORG2/agentflow/.venv/lib/python3.14/site-packages/django/db/utils.py", line 94, in __exit__
    raise dj_exc_value.with_traceback(traceback) from exc_value
  File "/home/stewart/Desktop/Projects/ORG2/agentflow/.venv/lib/python3.14/site-packages/django/db/backends/base/base.py", line 279, in ensure_connection
    self.connect()
    ~~~~~~~~~~~~^^
  File "/home/stewart/Desktop/Projects/ORG2/agentflow/.venv/lib/python3.14/site-packages/django/utils/asyncio.py", line 26, in inner
    return func(*args, **kwargs)
  File "/home/stewart/Desktop/Projects/ORG2/agentflow/.venv/lib/python3.14/site-packages/django/db/backends/base/base.py", line 256, in connect
    self.connection = self.get_new_connection(conn_params)
                      ~~~~~~~~~~~~~~~~~~~~~~~^^^^^^^^^^^^^
  File "/home/stewart/Desktop/Projects/ORG2/agentflow/.venv/lib/python3.14/site-packages/django/utils/asyncio.py", line 26, in inner
    return func(*args, **kwargs)
  File "/home/stewart/Desktop/Projects/ORG2/agentflow/.venv/lib/python3.14/site-packages/django/db/backends/sqlite3/base.py", line 206, in get_new_connection
    register_functions(conn)
    ~~~~~~~~~~~~~~~~~~^^^^^^
  File "/home/stewart/Desktop/Projects/ORG2/agentflow/.venv/lib/python3.14/site-packages/django/db/backends/sqlite3/_functions.py", line 86, in register
    if not connection.execute(sql).fetchone()[0]:
           ~~~~~~~~~~~~~~~~~~^^^^^
django.db.utils.OperationalError: database is locked
Internal Server Error: /inventory/products/b76c0c07-aa0d-4980-8d81-6a8f471b84a8/update/
Traceback (most recent call last):
  File "/home/stewart/Desktop/Projects/ORG2/agentflow/.venv/lib/python3.14/site-packages/django/contrib/sessions/backends/base.py", line 246, in _get_session
    return self._session_cache
           ^^^^^^^^^^^^^^^^^^^
AttributeError: 'SessionStore' object has no attribute '_session_cache'

During handling of the above exception, another exception occurred:

Traceback (most recent call last):
  File "/home/stewart/Desktop/Projects/ORG2/agentflow/.venv/lib/python3.14/site-packages/django/db/backends/base/base.py", line 279, in ensure_connection
    self.connect()
    ~~~~~~~~~~~~^^
  File "/home/stewart/Desktop/Projects/ORG2/agentflow/.venv/lib/python3.14/site-packages/django/utils/asyncio.py", line 26, in inner
    return func(*args, **kwargs)
  File "/home/stewart/Desktop/Projects/ORG2/agentflow/.venv/lib/python3.14/site-packages/django/db/backends/base/base.py", line 256, in connect
    self.connection = self.get_new_connection(conn_params)
                      ~~~~~~~~~~~~~~~~~~~~~~~^^^^^^^^^^^^^
  File "/home/stewart/Desktop/Projects/ORG2/agentflow/.venv/lib/python3.14/site-packages/django/utils/asyncio.py", line 26, in inner
    return func(*args, **kwargs)
  File "/home/stewart/Desktop/Projects/ORG2/agentflow/.venv/lib/python3.14/site-packages/django/db/backends/sqlite3/base.py", line 206, in get_new_connection
    register_functions(conn)
    ~~~~~~~~~~~~~~~~~~^^^^^^
  File "/home/stewart/Desktop/Projects/ORG2/agentflow/.venv/lib/python3.14/site-packages/django/db/backends/sqlite3/_functions.py", line 86, in register
    if not connection.execute(sql).fetchone()[0]:
           ~~~~~~~~~~~~~~~~~~^^^^^
sqlite3.OperationalError: database is locked

The above exception was the direct cause of the following exception:

Traceback (most recent call last):
  File "/home/stewart/Desktop/Projects/ORG2/agentflow/.venv/lib/python3.14/site-packages/django/core/handlers/exception.py", line 55, in inner
    response = get_response(request)
  File "/home/stewart/Desktop/Projects/ORG2/agentflow/.venv/lib/python3.14/site-packages/django/utils/deprecation.py", line 308, in __call__
    response = self.process_request(request)
  File "/home/stewart/Desktop/Projects/ORG2/agentflow/accounts/middleware.py", line 9, in process_request
    if request.user.is_authenticated:
       ^^^^^^^^^^^^^^^^^^^^^^^^^^^^^
  File "/home/stewart/Desktop/Projects/ORG2/agentflow/.venv/lib/python3.14/site-packages/django/utils/functional.py", line 251, in inner
    self._setup()
    ~~~~~~~~~~~^^
  File "/home/stewart/Desktop/Projects/ORG2/agentflow/.venv/lib/python3.14/site-packages/django/utils/functional.py", line 404, in _setup
    self._wrapped = self._setupfunc()
                    ~~~~~~~~~~~~~~~^^
  File "/home/stewart/Desktop/Projects/ORG2/agentflow/.venv/lib/python3.14/site-packages/django/contrib/auth/middleware.py", line 40, in <lambda>
    request.user = SimpleLazyObject(lambda: get_user(request))
                                            ~~~~~~~~^^^^^^^^^
  File "/home/stewart/Desktop/Projects/ORG2/agentflow/.venv/lib/python3.14/site-packages/django/contrib/auth/middleware.py", line 20, in get_user
    request._cached_user = auth.get_user(request)
                           ~~~~~~~~~~~~~^^^^^^^^^
  File "/home/stewart/Desktop/Projects/ORG2/agentflow/.venv/lib/python3.14/site-packages/django/contrib/auth/__init__.py", line 321, in get_user
    user_id = _get_user_session_key(request)
  File "/home/stewart/Desktop/Projects/ORG2/agentflow/.venv/lib/python3.14/site-packages/django/contrib/auth/__init__.py", line 95, in _get_user_session_key
    return get_user_model()._meta.pk.to_python(request.session[SESSION_KEY])
                                               ~~~~~~~~~~~~~~~^^^^^^^^^^^^^
  File "/home/stewart/Desktop/Projects/ORG2/agentflow/.venv/lib/python3.14/site-packages/django/contrib/sessions/backends/base.py", line 55, in __getitem__
    return self._session[key]
           ^^^^^^^^^^^^^
  File "/home/stewart/Desktop/Projects/ORG2/agentflow/.venv/lib/python3.14/site-packages/django/contrib/sessions/backends/base.py", line 251, in _get_session
    self._session_cache = self.load()
                          ~~~~~~~~~^^
  File "/home/stewart/Desktop/Projects/ORG2/agentflow/.venv/lib/python3.14/site-packages/django/contrib/sessions/backends/db.py", line 55, in load
    s = self._get_session_from_db()
  File "/home/stewart/Desktop/Projects/ORG2/agentflow/.venv/lib/python3.14/site-packages/django/contrib/sessions/backends/db.py", line 34, in _get_session_from_db
    return self.model.objects.get(
           ~~~~~~~~~~~~~~~~~~~~~~^
        session_key=self.session_key, expire_date__gt=timezone.now()
        ^^^^^^^^^^^^^^^^^^^^^^^^^^^^^^^^^^^^^^^^^^^^^^^^^^^^^^^^^^^^
    )
    ^
  File "/home/stewart/Desktop/Projects/ORG2/agentflow/.venv/lib/python3.14/site-packages/django/db/models/manager.py", line 87, in manager_method
    return getattr(self.get_queryset(), name)(*args, **kwargs)
           ~~~~~~~~~~~~~~~~~~~~~~~~~~~~~~~~~~^^^^^^^^^^^^^^^^^
  File "/home/stewart/Desktop/Projects/ORG2/agentflow/.venv/lib/python3.14/site-packages/django/db/models/query.py", line 635, in get
    num = len(clone)
  File "/home/stewart/Desktop/Projects/ORG2/agentflow/.venv/lib/python3.14/site-packages/django/db/models/query.py", line 372, in __len__
    self._fetch_all()
    ~~~~~~~~~~~~~~~^^
  File "/home/stewart/Desktop/Projects/ORG2/agentflow/.venv/lib/python3.14/site-packages/django/db/models/query.py", line 2000, in _fetch_all
    self._result_cache = list(self._iterable_class(self))
                         ~~~~^^^^^^^^^^^^^^^^^^^^^^^^^^^^
  File "/home/stewart/Desktop/Projects/ORG2/agentflow/.venv/lib/python3.14/site-packages/django/db/models/query.py", line 95, in __iter__
    results = compiler.execute_sql(
        chunked_fetch=self.chunked_fetch, chunk_size=self.chunk_size
    )
  File "/home/stewart/Desktop/Projects/ORG2/agentflow/.venv/lib/python3.14/site-packages/django/db/models/sql/compiler.py", line 1622, in execute_sql
    cursor = self.connection.cursor()
  File "/home/stewart/Desktop/Projects/ORG2/agentflow/.venv/lib/python3.14/site-packages/django/utils/asyncio.py", line 26, in inner
    return func(*args, **kwargs)
  File "/home/stewart/Desktop/Projects/ORG2/agentflow/.venv/lib/python3.14/site-packages/django/db/backends/base/base.py", line 320, in cursor
    return self._cursor()
           ~~~~~~~~~~~~^^
  File "/home/stewart/Desktop/Projects/ORG2/agentflow/.venv/lib/python3.14/site-packages/django/db/backends/base/base.py", line 296, in _cursor
    self.ensure_connection()
    ~~~~~~~~~~~~~~~~~~~~~~^^
  File "/home/stewart/Desktop/Projects/ORG2/agentflow/.venv/lib/python3.14/site-packages/django/utils/asyncio.py", line 26, in inner
    return func(*args, **kwargs)
  File "/home/stewart/Desktop/Projects/ORG2/agentflow/.venv/lib/python3.14/site-packages/django/db/backends/base/base.py", line 278, in ensure_connection
    with self.wrap_database_errors:
         ^^^^^^^^^^^^^^^^^^^^^^^^^
  File "/home/stewart/Desktop/Projects/ORG2/agentflow/.venv/lib/python3.14/site-packages/django/db/utils.py", line 94, in __exit__
    raise dj_exc_value.with_traceback(traceback) from exc_value
  File "/home/stewart/Desktop/Projects/ORG2/agentflow/.venv/lib/python3.14/site-packages/django/db/backends/base/base.py", line 279, in ensure_connection
    self.connect()
    ~~~~~~~~~~~~^^
  File "/home/stewart/Desktop/Projects/ORG2/agentflow/.venv/lib/python3.14/site-packages/django/utils/asyncio.py", line 26, in inner
    return func(*args, **kwargs)
  File "/home/stewart/Desktop/Projects/ORG2/agentflow/.venv/lib/python3.14/site-packages/django/db/backends/base/base.py", line 256, in connect
    self.connection = self.get_new_connection(conn_params)
                      ~~~~~~~~~~~~~~~~~~~~~~~^^^^^^^^^^^^^
  File "/home/stewart/Desktop/Projects/ORG2/agentflow/.venv/lib/python3.14/site-packages/django/utils/asyncio.py", line 26, in inner
    return func(*args, **kwargs)
  File "/home/stewart/Desktop/Projects/ORG2/agentflow/.venv/lib/python3.14/site-packages/django/db/backends/sqlite3/base.py", line 206, in get_new_connection
    register_functions(conn)
    ~~~~~~~~~~~~~~~~~~^^^^^^
  File "/home/stewart/Desktop/Projects/ORG2/agentflow/.venv/lib/python3.14/site-packages/django/db/backends/sqlite3/_functions.py", line 86, in register
    if not connection.execute(sql).fetchone()[0]:
           ~~~~~~~~~~~~~~~~~~^^^^^
django.db.utils.OperationalError: database is locked
Internal Server Error: /pos-table/
Traceback (most recent call last):
  File "/home/stewart/Desktop/Projects/ORG2/agentflow/.venv/lib/python3.14/site-packages/django/contrib/sessions/backends/base.py", line 246, in _get_session
    return self._session_cache
           ^^^^^^^^^^^^^^^^^^^
AttributeError: 'SessionStore' object has no attribute '_session_cache'

During handling of the above exception, another exception occurred:

Traceback (most recent call last):
  File "/home/stewart/Desktop/Projects/ORG2/agentflow/.venv/lib/python3.14/site-packages/django/db/backends/base/base.py", line 279, in ensure_connection
    self.connect()
    ~~~~~~~~~~~~^^
  File "/home/stewart/Desktop/Projects/ORG2/agentflow/.venv/lib/python3.14/site-packages/django/utils/asyncio.py", line 26, in inner
    return func(*args, **kwargs)
  File "/home/stewart/Desktop/Projects/ORG2/agentflow/.venv/lib/python3.14/site-packages/django/db/backends/base/base.py", line 256, in connect
    self.connection = self.get_new_connection(conn_params)
                      ~~~~~~~~~~~~~~~~~~~~~~~^^^^^^^^^^^^^
  File "/home/stewart/Desktop/Projects/ORG2/agentflow/.venv/lib/python3.14/site-packages/django/utils/asyncio.py", line 26, in inner
    return func(*args, **kwargs)
  File "/home/stewart/Desktop/Projects/ORG2/agentflow/.venv/lib/python3.14/site-packages/django/db/backends/sqlite3/base.py", line 206, in get_new_connection
    register_functions(conn)
    ~~~~~~~~~~~~~~~~~~^^^^^^
  File "/home/stewart/Desktop/Projects/ORG2/agentflow/.venv/lib/python3.14/site-packages/django/db/backends/sqlite3/_functions.py", line 86, in register
    if not connection.execute(sql).fetchone()[0]:
           ~~~~~~~~~~~~~~~~~~^^^^^
sqlite3.OperationalError: database is locked

The above exception was the direct cause of the following exception:

Traceback (most recent call last):
  File "/home/stewart/Desktop/Projects/ORG2/agentflow/.venv/lib/python3.14/site-packages/django/core/handlers/exception.py", line 55, in inner
    response = get_response(request)
  File "/home/stewart/Desktop/Projects/ORG2/agentflow/.venv/lib/python3.14/site-packages/django/utils/deprecation.py", line 308, in __call__
    response = self.process_request(request)
  File "/home/stewart/Desktop/Projects/ORG2/agentflow/accounts/middleware.py", line 9, in process_request
    if request.user.is_authenticated:
       ^^^^^^^^^^^^^^^^^^^^^^^^^^^^^
  File "/home/stewart/Desktop/Projects/ORG2/agentflow/.venv/lib/python3.14/site-packages/django/utils/functional.py", line 251, in inner
    self._setup()
    ~~~~~~~~~~~^^
  File "/home/stewart/Desktop/Projects/ORG2/agentflow/.venv/lib/python3.14/site-packages/django/utils/functional.py", line 404, in _setup
    self._wrapped = self._setupfunc()
                    ~~~~~~~~~~~~~~~^^
  File "/home/stewart/Desktop/Projects/ORG2/agentflow/.venv/lib/python3.14/site-packages/django/contrib/auth/middleware.py", line 40, in <lambda>
    request.user = SimpleLazyObject(lambda: get_user(request))
                                            ~~~~~~~~^^^^^^^^^
  File "/home/stewart/Desktop/Projects/ORG2/agentflow/.venv/lib/python3.14/site-packages/django/contrib/auth/middleware.py", line 20, in get_user
    request._cached_user = auth.get_user(request)
                           ~~~~~~~~~~~~~^^^^^^^^^
  File "/home/stewart/Desktop/Projects/ORG2/agentflow/.venv/lib/python3.14/site-packages/django/contrib/auth/__init__.py", line 321, in get_user
    user_id = _get_user_session_key(request)
  File "/home/stewart/Desktop/Projects/ORG2/agentflow/.venv/lib/python3.14/site-packages/django/contrib/auth/__init__.py", line 95, in _get_user_session_key
    return get_user_model()._meta.pk.to_python(request.session[SESSION_KEY])
                                               ~~~~~~~~~~~~~~~^^^^^^^^^^^^^
  File "/home/stewart/Desktop/Projects/ORG2/agentflow/.venv/lib/python3.14/site-packages/django/contrib/sessions/backends/base.py", line 55, in __getitem__
    return self._session[key]
           ^^^^^^^^^^^^^
  File "/home/stewart/Desktop/Projects/ORG2/agentflow/.venv/lib/python3.14/site-packages/django/contrib/sessions/backends/base.py", line 251, in _get_session
    self._session_cache = self.load()
                          ~~~~~~~~~^^
  File "/home/stewart/Desktop/Projects/ORG2/agentflow/.venv/lib/python3.14/site-packages/django/contrib/sessions/backends/db.py", line 55, in load
    s = self._get_session_from_db()
  File "/home/stewart/Desktop/Projects/ORG2/agentflow/.venv/lib/python3.14/site-packages/django/contrib/sessions/backends/db.py", line 34, in _get_session_from_db
    return self.model.objects.get(
           ~~~~~~~~~~~~~~~~~~~~~~^
        session_key=self.session_key, expire_date__gt=timezone.now()
        ^^^^^^^^^^^^^^^^^^^^^^^^^^^^^^^^^^^^^^^^^^^^^^^^^^^^^^^^^^^^
    )
    ^
  File "/home/stewart/Desktop/Projects/ORG2/agentflow/.venv/lib/python3.14/site-packages/django/db/models/manager.py", line 87, in manager_method
    return getattr(self.get_queryset(), name)(*args, **kwargs)
           ~~~~~~~~~~~~~~~~~~~~~~~~~~~~~~~~~~^^^^^^^^^^^^^^^^^
  File "/home/stewart/Desktop/Projects/ORG2/agentflow/.venv/lib/python3.14/site-packages/django/db/models/query.py", line 635, in get
    num = len(clone)
  File "/home/stewart/Desktop/Projects/ORG2/agentflow/.venv/lib/python3.14/site-packages/django/db/models/query.py", line 372, in __len__
    self._fetch_all()
    ~~~~~~~~~~~~~~~^^
  File "/home/stewart/Desktop/Projects/ORG2/agentflow/.venv/lib/python3.14/site-packages/django/db/models/query.py", line 2000, in _fetch_all
    self._result_cache = list(self._iterable_class(self))
                         ~~~~^^^^^^^^^^^^^^^^^^^^^^^^^^^^
  File "/home/stewart/Desktop/Projects/ORG2/agentflow/.venv/lib/python3.14/site-packages/django/db/models/query.py", line 95, in __iter__
    results = compiler.execute_sql(
        chunked_fetch=self.chunked_fetch, chunk_size=self.chunk_size
    )
  File "/home/stewart/Desktop/Projects/ORG2/agentflow/.venv/lib/python3.14/site-packages/django/db/models/sql/compiler.py", line 1622, in execute_sql
    cursor = self.connection.cursor()
  File "/home/stewart/Desktop/Projects/ORG2/agentflow/.venv/lib/python3.14/site-packages/django/utils/asyncio.py", line 26, in inner
    return func(*args, **kwargs)
  File "/home/stewart/Desktop/Projects/ORG2/agentflow/.venv/lib/python3.14/site-packages/django/db/backends/base/base.py", line 320, in cursor
    return self._cursor()
           ~~~~~~~~~~~~^^
  File "/home/stewart/Desktop/Projects/ORG2/agentflow/.venv/lib/python3.14/site-packages/django/db/backends/base/base.py", line 296, in _cursor
    self.ensure_connection()
    ~~~~~~~~~~~~~~~~~~~~~~^^
  File "/home/stewart/Desktop/Projects/ORG2/agentflow/.venv/lib/python3.14/site-packages/django/utils/asyncio.py", line 26, in inner
    return func(*args, **kwargs)
  File "/home/stewart/Desktop/Projects/ORG2/agentflow/.venv/lib/python3.14/site-packages/django/db/backends/base/base.py", line 278, in ensure_connection
    with self.wrap_database_errors:
         ^^^^^^^^^^^^^^^^^^^^^^^^^
  File "/home/stewart/Desktop/Projects/ORG2/agentflow/.venv/lib/python3.14/site-packages/django/db/utils.py", line 94, in __exit__
    raise dj_exc_value.with_traceback(traceback) from exc_value
  File "/home/stewart/Desktop/Projects/ORG2/agentflow/.venv/lib/python3.14/site-packages/django/db/backends/base/base.py", line 279, in ensure_connection
    self.connect()
    ~~~~~~~~~~~~^^
  File "/home/stewart/Desktop/Projects/ORG2/agentflow/.venv/lib/python3.14/site-packages/django/utils/asyncio.py", line 26, in inner
    return func(*args, **kwargs)
  File "/home/stewart/Desktop/Projects/ORG2/agentflow/.venv/lib/python3.14/site-packages/django/db/backends/base/base.py", line 256, in connect
    self.connection = self.get_new_connection(conn_params)
                      ~~~~~~~~~~~~~~~~~~~~~~~^^^^^^^^^^^^^
  File "/home/stewart/Desktop/Projects/ORG2/agentflow/.venv/lib/python3.14/site-packages/django/utils/asyncio.py", line 26, in inner
    return func(*args, **kwargs)
  File "/home/stewart/Desktop/Projects/ORG2/agentflow/.venv/lib/python3.14/site-packages/django/db/backends/sqlite3/base.py", line 206, in get_new_connection
    register_functions(conn)
    ~~~~~~~~~~~~~~~~~~^^^^^^
  File "/home/stewart/Desktop/Projects/ORG2/agentflow/.venv/lib/python3.14/site-packages/django/db/backends/sqlite3/_functions.py", line 86, in register
    if not connection.execute(sql).fetchone()[0]:
           ~~~~~~~~~~~~~~~~~~^^^^^
django.db.utils.OperationalError: database is locked
Internal Server Error: /inventory/products/783ba353-d874-4c69-a3da-97821066500f/
Traceback (most recent call last):
  File "/home/stewart/Desktop/Projects/ORG2/agentflow/.venv/lib/python3.14/site-packages/django/contrib/sessions/backends/base.py", line 246, in _get_session
    return self._session_cache
           ^^^^^^^^^^^^^^^^^^^
AttributeError: 'SessionStore' object has no attribute '_session_cache'

During handling of the above exception, another exception occurred:

Traceback (most recent call last):
  File "/home/stewart/Desktop/Projects/ORG2/agentflow/.venv/lib/python3.14/site-packages/django/db/backends/base/base.py", line 279, in ensure_connection
    self.connect()
    ~~~~~~~~~~~~^^
  File "/home/stewart/Desktop/Projects/ORG2/agentflow/.venv/lib/python3.14/site-packages/django/utils/asyncio.py", line 26, in inner
    return func(*args, **kwargs)
  File "/home/stewart/Desktop/Projects/ORG2/agentflow/.venv/lib/python3.14/site-packages/django/db/backends/base/base.py", line 256, in connect
    self.connection = self.get_new_connection(conn_params)
                      ~~~~~~~~~~~~~~~~~~~~~~~^^^^^^^^^^^^^
  File "/home/stewart/Desktop/Projects/ORG2/agentflow/.venv/lib/python3.14/site-packages/django/utils/asyncio.py", line 26, in inner
    return func(*args, **kwargs)
  File "/home/stewart/Desktop/Projects/ORG2/agentflow/.venv/lib/python3.14/site-packages/django/db/backends/sqlite3/base.py", line 206, in get_new_connection
    register_functions(conn)
    ~~~~~~~~~~~~~~~~~~^^^^^^
  File "/home/stewart/Desktop/Projects/ORG2/agentflow/.venv/lib/python3.14/site-packages/django/db/backends/sqlite3/_functions.py", line 86, in register
    if not connection.execute(sql).fetchone()[0]:
           ~~~~~~~~~~~~~~~~~~^^^^^
sqlite3.OperationalError: database is locked

The above exception was the direct cause of the following exception:

Traceback (most recent call last):
  File "/home/stewart/Desktop/Projects/ORG2/agentflow/.venv/lib/python3.14/site-packages/django/core/handlers/exception.py", line 55, in inner
    response = get_response(request)
  File "/home/stewart/Desktop/Projects/ORG2/agentflow/.venv/lib/python3.14/site-packages/django/utils/deprecation.py", line 308, in __call__
    response = self.process_request(request)
  File "/home/stewart/Desktop/Projects/ORG2/agentflow/accounts/middleware.py", line 9, in process_request
    if request.user.is_authenticated:
       ^^^^^^^^^^^^^^^^^^^^^^^^^^^^^
  File "/home/stewart/Desktop/Projects/ORG2/agentflow/.venv/lib/python3.14/site-packages/django/utils/functional.py", line 251, in inner
    self._setup()
    ~~~~~~~~~~~^^
  File "/home/stewart/Desktop/Projects/ORG2/agentflow/.venv/lib/python3.14/site-packages/django/utils/functional.py", line 404, in _setup
    self._wrapped = self._setupfunc()
                    ~~~~~~~~~~~~~~~^^
  File "/home/stewart/Desktop/Projects/ORG2/agentflow/.venv/lib/python3.14/site-packages/django/contrib/auth/middleware.py", line 40, in <lambda>
    request.user = SimpleLazyObject(lambda: get_user(request))
                                            ~~~~~~~~^^^^^^^^^
  File "/home/stewart/Desktop/Projects/ORG2/agentflow/.venv/lib/python3.14/site-packages/django/contrib/auth/middleware.py", line 20, in get_user
    request._cached_user = auth.get_user(request)
                           ~~~~~~~~~~~~~^^^^^^^^^
  File "/home/stewart/Desktop/Projects/ORG2/agentflow/.venv/lib/python3.14/site-packages/django/contrib/auth/__init__.py", line 321, in get_user
    user_id = _get_user_session_key(request)
  File "/home/stewart/Desktop/Projects/ORG2/agentflow/.venv/lib/python3.14/site-packages/django/contrib/auth/__init__.py", line 95, in _get_user_session_key
    return get_user_model()._meta.pk.to_python(request.session[SESSION_KEY])
                                               ~~~~~~~~~~~~~~~^^^^^^^^^^^^^
  File "/home/stewart/Desktop/Projects/ORG2/agentflow/.venv/lib/python3.14/site-packages/django/contrib/sessions/backends/base.py", line 55, in __getitem__
    return self._session[key]
           ^^^^^^^^^^^^^
  File "/home/stewart/Desktop/Projects/ORG2/agentflow/.venv/lib/python3.14/site-packages/django/contrib/sessions/backends/base.py", line 251, in _get_session
    self._session_cache = self.load()
                          ~~~~~~~~~^^
  File "/home/stewart/Desktop/Projects/ORG2/agentflow/.venv/lib/python3.14/site-packages/django/contrib/sessions/backends/db.py", line 55, in load
    s = self._get_session_from_db()
  File "/home/stewart/Desktop/Projects/ORG2/agentflow/.venv/lib/python3.14/site-packages/django/contrib/sessions/backends/db.py", line 34, in _get_session_from_db
    return self.model.objects.get(
           ~~~~~~~~~~~~~~~~~~~~~~^
        session_key=self.session_key, expire_date__gt=timezone.now()
        ^^^^^^^^^^^^^^^^^^^^^^^^^^^^^^^^^^^^^^^^^^^^^^^^^^^^^^^^^^^^
    )
    ^
  File "/home/stewart/Desktop/Projects/ORG2/agentflow/.venv/lib/python3.14/site-packages/django/db/models/manager.py", line 87, in manager_method
    return getattr(self.get_queryset(), name)(*args, **kwargs)
           ~~~~~~~~~~~~~~~~~~~~~~~~~~~~~~~~~~^^^^^^^^^^^^^^^^^
  File "/home/stewart/Desktop/Projects/ORG2/agentflow/.venv/lib/python3.14/site-packages/django/db/models/query.py", line 635, in get
    num = len(clone)
  File "/home/stewart/Desktop/Projects/ORG2/agentflow/.venv/lib/python3.14/site-packages/django/db/models/query.py", line 372, in __len__
    self._fetch_all()
    ~~~~~~~~~~~~~~~^^
  File "/home/stewart/Desktop/Projects/ORG2/agentflow/.venv/lib/python3.14/site-packages/django/db/models/query.py", line 2000, in _fetch_all
    self._result_cache = list(self._iterable_class(self))
                         ~~~~^^^^^^^^^^^^^^^^^^^^^^^^^^^^
  File "/home/stewart/Desktop/Projects/ORG2/agentflow/.venv/lib/python3.14/site-packages/django/db/models/query.py", line 95, in __iter__
    results = compiler.execute_sql(
        chunked_fetch=self.chunked_fetch, chunk_size=self.chunk_size
    )
  File "/home/stewart/Desktop/Projects/ORG2/agentflow/.venv/lib/python3.14/site-packages/django/db/models/sql/compiler.py", line 1622, in execute_sql
    cursor = self.connection.cursor()
  File "/home/stewart/Desktop/Projects/ORG2/agentflow/.venv/lib/python3.14/site-packages/django/utils/asyncio.py", line 26, in inner
    return func(*args, **kwargs)
  File "/home/stewart/Desktop/Projects/ORG2/agentflow/.venv/lib/python3.14/site-packages/django/db/backends/base/base.py", line 320, in cursor
    return self._cursor()
           ~~~~~~~~~~~~^^
  File "/home/stewart/Desktop/Projects/ORG2/agentflow/.venv/lib/python3.14/site-packages/django/db/backends/base/base.py", line 296, in _cursor
    self.ensure_connection()
    ~~~~~~~~~~~~~~~~~~~~~~^^
  File "/home/stewart/Desktop/Projects/ORG2/agentflow/.venv/lib/python3.14/site-packages/django/utils/asyncio.py", line 26, in inner
    return func(*args, **kwargs)
  File "/home/stewart/Desktop/Projects/ORG2/agentflow/.venv/lib/python3.14/site-packages/django/db/backends/base/base.py", line 278, in ensure_connection
    with self.wrap_database_errors:
         ^^^^^^^^^^^^^^^^^^^^^^^^^
  File "/home/stewart/Desktop/Projects/ORG2/agentflow/.venv/lib/python3.14/site-packages/django/db/utils.py", line 94, in __exit__
    raise dj_exc_value.with_traceback(traceback) from exc_value
  File "/home/stewart/Desktop/Projects/ORG2/agentflow/.venv/lib/python3.14/site-packages/django/db/backends/base/base.py", line 279, in ensure_connection
    self.connect()
    ~~~~~~~~~~~~^^
  File "/home/stewart/Desktop/Projects/ORG2/agentflow/.venv/lib/python3.14/site-packages/django/utils/asyncio.py", line 26, in inner
    return func(*args, **kwargs)
  File "/home/stewart/Desktop/Projects/ORG2/agentflow/.venv/lib/python3.14/site-packages/django/db/backends/base/base.py", line 256, in connect
    self.connection = self.get_new_connection(conn_params)
                      ~~~~~~~~~~~~~~~~~~~~~~~^^^^^^^^^^^^^
  File "/home/stewart/Desktop/Projects/ORG2/agentflow/.venv/lib/python3.14/site-packages/django/utils/asyncio.py", line 26, in inner
    return func(*args, **kwargs)
  File "/home/stewart/Desktop/Projects/ORG2/agentflow/.venv/lib/python3.14/site-packages/django/db/backends/sqlite3/base.py", line 206, in get_new_connection
    register_functions(conn)
    ~~~~~~~~~~~~~~~~~~^^^^^^
  File "/home/stewart/Desktop/Projects/ORG2/agentflow/.venv/lib/python3.14/site-packages/django/db/backends/sqlite3/_functions.py", line 86, in register
    if not connection.execute(sql).fetchone()[0]:
           ~~~~~~~~~~~~~~~~~~^^^^^
django.db.utils.OperationalError: database is locked
Internal Server Error: /purchases/orders/10829b6d-e6f7-46f0-b1ff-e9f9188ffca4/
Traceback (most recent call last):
  File "/home/stewart/Desktop/Projects/ORG2/agentflow/.venv/lib/python3.14/site-packages/django/db/backends/utils.py", line 105, in _execute
    return self.cursor.execute(sql, params)
           ~~~~~~~~~~~~~~~~~~~^^^^^^^^^^^^^
  File "/home/stewart/Desktop/Projects/ORG2/agentflow/.venv/lib/python3.14/site-packages/django/db/backends/sqlite3/base.py", line 359, in execute
    return super().execute(query, params)
           ~~~~~~~~~~~~~~~^^^^^^^^^^^^^^^
sqlite3.OperationalError: database is locked

The above exception was the direct cause of the following exception:

Traceback (most recent call last):
  File "/home/stewart/Desktop/Projects/ORG2/agentflow/.venv/lib/python3.14/site-packages/django/core/handlers/exception.py", line 55, in inner
    response = get_response(request)
  File "/home/stewart/Desktop/Projects/ORG2/agentflow/.venv/lib/python3.14/site-packages/django/utils/deprecation.py", line 308, in __call__
    response = self.process_request(request)
  File "/home/stewart/Desktop/Projects/ORG2/agentflow/accounts/middleware.py", line 9, in process_request
    if request.user.is_authenticated:
       ^^^^^^^^^^^^^^^^^^^^^^^^^^^^^
  File "/home/stewart/Desktop/Projects/ORG2/agentflow/.venv/lib/python3.14/site-packages/django/utils/functional.py", line 251, in inner
    self._setup()
    ~~~~~~~~~~~^^
  File "/home/stewart/Desktop/Projects/ORG2/agentflow/.venv/lib/python3.14/site-packages/django/utils/functional.py", line 404, in _setup
    self._wrapped = self._setupfunc()
                    ~~~~~~~~~~~~~~~^^
  File "/home/stewart/Desktop/Projects/ORG2/agentflow/.venv/lib/python3.14/site-packages/django/contrib/auth/middleware.py", line 40, in <lambda>
    request.user = SimpleLazyObject(lambda: get_user(request))
                                            ~~~~~~~~^^^^^^^^^
  File "/home/stewart/Desktop/Projects/ORG2/agentflow/.venv/lib/python3.14/site-packages/django/contrib/auth/middleware.py", line 20, in get_user
    request._cached_user = auth.get_user(request)
                           ~~~~~~~~~~~~~^^^^^^^^^
  File "/home/stewart/Desktop/Projects/ORG2/agentflow/.venv/lib/python3.14/site-packages/django/contrib/auth/__init__.py", line 328, in get_user
    user = backend.get_user(user_id)
  File "/home/stewart/Desktop/Projects/ORG2/agentflow/.venv/lib/python3.14/site-packages/django/contrib/auth/backends.py", line 232, in get_user
    user = UserModel._default_manager.get(pk=user_id)
  File "/home/stewart/Desktop/Projects/ORG2/agentflow/.venv/lib/python3.14/site-packages/django/db/models/manager.py", line 87, in manager_method
    return getattr(self.get_queryset(), name)(*args, **kwargs)
           ~~~~~~~~~~~~~~~~~~~~~~~~~~~~~~~~~~^^^^^^^^^^^^^^^^^
  File "/home/stewart/Desktop/Projects/ORG2/agentflow/.venv/lib/python3.14/site-packages/django/db/models/query.py", line 635, in get
    num = len(clone)
  File "/home/stewart/Desktop/Projects/ORG2/agentflow/.venv/lib/python3.14/site-packages/django/db/models/query.py", line 372, in __len__
    self._fetch_all()
    ~~~~~~~~~~~~~~~^^
  File "/home/stewart/Desktop/Projects/ORG2/agentflow/.venv/lib/python3.14/site-packages/django/db/models/query.py", line 2000, in _fetch_all
    self._result_cache = list(self._iterable_class(self))
                         ~~~~^^^^^^^^^^^^^^^^^^^^^^^^^^^^
  File "/home/stewart/Desktop/Projects/ORG2/agentflow/.venv/lib/python3.14/site-packages/django/db/models/query.py", line 95, in __iter__
    results = compiler.execute_sql(
        chunked_fetch=self.chunked_fetch, chunk_size=self.chunk_size
    )
  File "/home/stewart/Desktop/Projects/ORG2/agentflow/.venv/lib/python3.14/site-packages/django/db/models/sql/compiler.py", line 1624, in execute_sql
    cursor.execute(sql, params)
    ~~~~~~~~~~~~~~^^^^^^^^^^^^^
  File "/home/stewart/Desktop/Projects/ORG2/agentflow/.venv/lib/python3.14/site-packages/django/db/backends/utils.py", line 122, in execute
    return super().execute(sql, params)
           ~~~~~~~~~~~~~~~^^^^^^^^^^^^^
  File "/home/stewart/Desktop/Projects/ORG2/agentflow/.venv/lib/python3.14/site-packages/django/db/backends/utils.py", line 79, in execute
    return self._execute_with_wrappers(
           ~~~~~~~~~~~~~~~~~~~~~~~~~~~^
        sql, params, many=False, executor=self._execute
        ^^^^^^^^^^^^^^^^^^^^^^^^^^^^^^^^^^^^^^^^^^^^^^^
    )
    ^
  File "/home/stewart/Desktop/Projects/ORG2/agentflow/.venv/lib/python3.14/site-packages/django/db/backends/utils.py", line 92, in _execute_with_wrappers
    return executor(sql, params, many, context)
  File "/home/stewart/Desktop/Projects/ORG2/agentflow/.venv/lib/python3.14/site-packages/django/db/backends/utils.py", line 100, in _execute
    with self.db.wrap_database_errors:
         ^^^^^^^^^^^^^^^^^^^^^^^^^^^^
  File "/home/stewart/Desktop/Projects/ORG2/agentflow/.venv/lib/python3.14/site-packages/django/db/utils.py", line 94, in __exit__
    raise dj_exc_value.with_traceback(traceback) from exc_value
  File "/home/stewart/Desktop/Projects/ORG2/agentflow/.venv/lib/python3.14/site-packages/django/db/backends/utils.py", line 105, in _execute
    return self.cursor.execute(sql, params)
           ~~~~~~~~~~~~~~~~~~~^^^^^^^^^^^^^
  File "/home/stewart/Desktop/Projects/ORG2/agentflow/.venv/lib/python3.14/site-packages/django/db/backends/sqlite3/base.py", line 359, in execute
    return super().execute(query, params)
           ~~~~~~~~~~~~~~~^^^^^^^^^^^^^^^
django.db.utils.OperationalError: database is locked
Internal Server Error: /purchases/orders/1fbbf47a-cc54-4b88-8090-5bca54eaf31d/
Traceback (most recent call last):
  File "/home/stewart/Desktop/Projects/ORG2/agentflow/.venv/lib/python3.14/site-packages/django/db/backends/utils.py", line 105, in _execute
    return self.cursor.execute(sql, params)
           ~~~~~~~~~~~~~~~~~~~^^^^^^^^^^^^^
  File "/home/stewart/Desktop/Projects/ORG2/agentflow/.venv/lib/python3.14/site-packages/django/db/backends/sqlite3/base.py", line 359, in execute
    return super().execute(query, params)
           ~~~~~~~~~~~~~~~^^^^^^^^^^^^^^^
sqlite3.OperationalError: database is locked

The above exception was the direct cause of the following exception:

Traceback (most recent call last):
  File "/home/stewart/Desktop/Projects/ORG2/agentflow/.venv/lib/python3.14/site-packages/django/core/handlers/exception.py", line 55, in inner
    response = get_response(request)
  File "/home/stewart/Desktop/Projects/ORG2/agentflow/.venv/lib/python3.14/site-packages/django/utils/deprecation.py", line 308, in __call__
    response = self.process_request(request)
  File "/home/stewart/Desktop/Projects/ORG2/agentflow/accounts/middleware.py", line 12, in process_request
    request.user.save(update_fields=['last_activity'])
    ~~~~~~~~~~~~~~~~~^^^^^^^^^^^^^^^^^^^^^^^^^^^^^^^^^
  File "/home/stewart/Desktop/Projects/ORG2/agentflow/accounts/models.py", line 48, in save
    super().save(*args, **kwargs)
    ~~~~~~~~~~~~^^^^^^^^^^^^^^^^^
  File "/home/stewart/Desktop/Projects/ORG2/agentflow/.venv/lib/python3.14/site-packages/django/contrib/auth/base_user.py", line 62, in save
    super().save(**kwargs)
    ~~~~~~~~~~~~^^^^^^^^^^
  File "/home/stewart/Desktop/Projects/ORG2/agentflow/.venv/lib/python3.14/site-packages/django/db/models/base.py", line 874, in save
    self.save_base(
    ~~~~~~~~~~~~~~^
        using=using,
        ^^^^^^^^^^^^
    ...<2 lines>...
        update_fields=update_fields,
        ^^^^^^^^^^^^^^^^^^^^^^^^^^^^
    )
    ^
  File "/home/stewart/Desktop/Projects/ORG2/agentflow/.venv/lib/python3.14/site-packages/django/db/models/base.py", line 981, in save_base
    post_save.send(
    ~~~~~~~~~~~~~~^
        sender=origin,
        ^^^^^^^^^^^^^^
    ...<4 lines>...
        using=using,
        ^^^^^^^^^^^^
    )
    ^
  File "/home/stewart/Desktop/Projects/ORG2/agentflow/.venv/lib/python3.14/site-packages/django/dispatch/dispatcher.py", line 209, in send
    response = receiver(signal=self, sender=sender, **named)
  File "/home/stewart/Desktop/Projects/ORG2/agentflow/accounts/signals.py", line 21, in save_user_profile
    instance.profile.save()
    ~~~~~~~~~~~~~~~~~~~~~^^
  File "/home/stewart/Desktop/Projects/ORG2/agentflow/.venv/lib/python3.14/site-packages/django/db/models/base.py", line 874, in save
    self.save_base(
    ~~~~~~~~~~~~~~^
        using=using,
        ^^^^^^^^^^^^
    ...<2 lines>...
        update_fields=update_fields,
        ^^^^^^^^^^^^^^^^^^^^^^^^^^^^
    )
    ^
  File "/home/stewart/Desktop/Projects/ORG2/agentflow/.venv/lib/python3.14/site-packages/django/db/models/base.py", line 966, in save_base
    updated = self._save_table(
        raw,
    ...<4 lines>...
        update_fields,
    )
  File "/home/stewart/Desktop/Projects/ORG2/agentflow/.venv/lib/python3.14/site-packages/django/db/models/base.py", line 1110, in _save_table
    results = self._do_update(
        base_qs,
    ...<5 lines>...
        returning_fields,
    )
  File "/home/stewart/Desktop/Projects/ORG2/agentflow/.venv/lib/python3.14/site-packages/django/db/models/base.py", line 1213, in _do_update
    return filtered._update(values, returning_fields)
           ~~~~~~~~~~~~~~~~^^^^^^^^^^^^^^^^^^^^^^^^^^
  File "/home/stewart/Desktop/Projects/ORG2/agentflow/.venv/lib/python3.14/site-packages/django/db/models/query.py", line 1327, in _update
    return query.get_compiler(self.db).execute_returning_sql(returning_fields)
           ~~~~~~~~~~~~~~~~~~~~~~~~~~~~~~~~~~~~~~~~~~~~~~~~~^^^^^^^^^^^^^^^^^^
  File "/home/stewart/Desktop/Projects/ORG2/agentflow/.venv/lib/python3.14/site-packages/django/db/models/sql/compiler.py", line 2140, in execute_returning_sql
    row_count = self.execute_sql(ROW_COUNT)
  File "/home/stewart/Desktop/Projects/ORG2/agentflow/.venv/lib/python3.14/site-packages/django/db/models/sql/compiler.py", line 2111, in execute_sql
    row_count = super().execute_sql(result_type)
  File "/home/stewart/Desktop/Projects/ORG2/agentflow/.venv/lib/python3.14/site-packages/django/db/models/sql/compiler.py", line 1624, in execute_sql
    cursor.execute(sql, params)
    ~~~~~~~~~~~~~~^^^^^^^^^^^^^
  File "/home/stewart/Desktop/Projects/ORG2/agentflow/.venv/lib/python3.14/site-packages/django/db/backends/utils.py", line 122, in execute
    return super().execute(sql, params)
           ~~~~~~~~~~~~~~~^^^^^^^^^^^^^
  File "/home/stewart/Desktop/Projects/ORG2/agentflow/.venv/lib/python3.14/site-packages/django/db/backends/utils.py", line 79, in execute
    return self._execute_with_wrappers(
           ~~~~~~~~~~~~~~~~~~~~~~~~~~~^
        sql, params, many=False, executor=self._execute
        ^^^^^^^^^^^^^^^^^^^^^^^^^^^^^^^^^^^^^^^^^^^^^^^
    )
    ^
  File "/home/stewart/Desktop/Projects/ORG2/agentflow/.venv/lib/python3.14/site-packages/django/db/backends/utils.py", line 92, in _execute_with_wrappers
    return executor(sql, params, many, context)
  File "/home/stewart/Desktop/Projects/ORG2/agentflow/.venv/lib/python3.14/site-packages/django/db/backends/utils.py", line 100, in _execute
    with self.db.wrap_database_errors:
         ^^^^^^^^^^^^^^^^^^^^^^^^^^^^
  File "/home/stewart/Desktop/Projects/ORG2/agentflow/.venv/lib/python3.14/site-packages/django/db/utils.py", line 94, in __exit__
    raise dj_exc_value.with_traceback(traceback) from exc_value
  File "/home/stewart/Desktop/Projects/ORG2/agentflow/.venv/lib/python3.14/site-packages/django/db/backends/utils.py", line 105, in _execute
    return self.cursor.execute(sql, params)
           ~~~~~~~~~~~~~~~~~~~^^^^^^^^^^^^^
  File "/home/stewart/Desktop/Projects/ORG2/agentflow/.venv/lib/python3.14/site-packages/django/db/backends/sqlite3/base.py", line 359, in execute
    return super().execute(query, params)
           ~~~~~~~~~~~~~~~^^^^^^^^^^^^^^^
django.db.utils.OperationalError: database is locked
Internal Server Error: /accounts/login/
Traceback (most recent call last):
  File "/home/stewart/Desktop/Projects/ORG2/agentflow/.venv/lib/python3.14/site-packages/django/contrib/sessions/backends/base.py", line 246, in _get_session
    return self._session_cache
           ^^^^^^^^^^^^^^^^^^^
AttributeError: 'SessionStore' object has no attribute '_session_cache'

During handling of the above exception, another exception occurred:

Traceback (most recent call last):
  File "/home/stewart/Desktop/Projects/ORG2/agentflow/.venv/lib/python3.14/site-packages/django/db/backends/base/base.py", line 279, in ensure_connection
    self.connect()
    ~~~~~~~~~~~~^^
  File "/home/stewart/Desktop/Projects/ORG2/agentflow/.venv/lib/python3.14/site-packages/django/utils/asyncio.py", line 26, in inner
    return func(*args, **kwargs)
  File "/home/stewart/Desktop/Projects/ORG2/agentflow/.venv/lib/python3.14/site-packages/django/db/backends/base/base.py", line 256, in connect
    self.connection = self.get_new_connection(conn_params)
                      ~~~~~~~~~~~~~~~~~~~~~~~^^^^^^^^^^^^^
  File "/home/stewart/Desktop/Projects/ORG2/agentflow/.venv/lib/python3.14/site-packages/django/utils/asyncio.py", line 26, in inner
    return func(*args, **kwargs)
  File "/home/stewart/Desktop/Projects/ORG2/agentflow/.venv/lib/python3.14/site-packages/django/db/backends/sqlite3/base.py", line 206, in get_new_connection
    register_functions(conn)
    ~~~~~~~~~~~~~~~~~~^^^^^^
  File "/home/stewart/Desktop/Projects/ORG2/agentflow/.venv/lib/python3.14/site-packages/django/db/backends/sqlite3/_functions.py", line 86, in register
    if not connection.execute(sql).fetchone()[0]:
           ~~~~~~~~~~~~~~~~~~^^^^^
sqlite3.OperationalError: database is locked

The above exception was the direct cause of the following exception:

Traceback (most recent call last):
  File "/home/stewart/Desktop/Projects/ORG2/agentflow/.venv/lib/python3.14/site-packages/django/core/handlers/exception.py", line 55, in inner
    response = get_response(request)
  File "/home/stewart/Desktop/Projects/ORG2/agentflow/.venv/lib/python3.14/site-packages/django/utils/deprecation.py", line 308, in __call__
    response = self.process_request(request)
  File "/home/stewart/Desktop/Projects/ORG2/agentflow/accounts/middleware.py", line 9, in process_request
    if request.user.is_authenticated:
       ^^^^^^^^^^^^^^^^^^^^^^^^^^^^^
  File "/home/stewart/Desktop/Projects/ORG2/agentflow/.venv/lib/python3.14/site-packages/django/utils/functional.py", line 251, in inner
    self._setup()
    ~~~~~~~~~~~^^
  File "/home/stewart/Desktop/Projects/ORG2/agentflow/.venv/lib/python3.14/site-packages/django/utils/functional.py", line 404, in _setup
    self._wrapped = self._setupfunc()
                    ~~~~~~~~~~~~~~~^^
  File "/home/stewart/Desktop/Projects/ORG2/agentflow/.venv/lib/python3.14/site-packages/django/contrib/auth/middleware.py", line 40, in <lambda>
    request.user = SimpleLazyObject(lambda: get_user(request))
                                            ~~~~~~~~^^^^^^^^^
  File "/home/stewart/Desktop/Projects/ORG2/agentflow/.venv/lib/python3.14/site-packages/django/contrib/auth/middleware.py", line 20, in get_user
    request._cached_user = auth.get_user(request)
                           ~~~~~~~~~~~~~^^^^^^^^^
  File "/home/stewart/Desktop/Projects/ORG2/agentflow/.venv/lib/python3.14/site-packages/django/contrib/auth/__init__.py", line 321, in get_user
    user_id = _get_user_session_key(request)
  File "/home/stewart/Desktop/Projects/ORG2/agentflow/.venv/lib/python3.14/site-packages/django/contrib/auth/__init__.py", line 95, in _get_user_session_key
    return get_user_model()._meta.pk.to_python(request.session[SESSION_KEY])
                                               ~~~~~~~~~~~~~~~^^^^^^^^^^^^^
  File "/home/stewart/Desktop/Projects/ORG2/agentflow/.venv/lib/python3.14/site-packages/django/contrib/sessions/backends/base.py", line 55, in __getitem__
    return self._session[key]
           ^^^^^^^^^^^^^
  File "/home/stewart/Desktop/Projects/ORG2/agentflow/.venv/lib/python3.14/site-packages/django/contrib/sessions/backends/base.py", line 251, in _get_session
    self._session_cache = self.load()
                          ~~~~~~~~~^^
  File "/home/stewart/Desktop/Projects/ORG2/agentflow/.venv/lib/python3.14/site-packages/django/contrib/sessions/backends/db.py", line 55, in load
    s = self._get_session_from_db()
  File "/home/stewart/Desktop/Projects/ORG2/agentflow/.venv/lib/python3.14/site-packages/django/contrib/sessions/backends/db.py", line 34, in _get_session_from_db
    return self.model.objects.get(
           ~~~~~~~~~~~~~~~~~~~~~~^
        session_key=self.session_key, expire_date__gt=timezone.now()
        ^^^^^^^^^^^^^^^^^^^^^^^^^^^^^^^^^^^^^^^^^^^^^^^^^^^^^^^^^^^^
    )
    ^
  File "/home/stewart/Desktop/Projects/ORG2/agentflow/.venv/lib/python3.14/site-packages/django/db/models/manager.py", line 87, in manager_method
    return getattr(self.get_queryset(), name)(*args, **kwargs)
           ~~~~~~~~~~~~~~~~~~~~~~~~~~~~~~~~~~^^^^^^^^^^^^^^^^^
  File "/home/stewart/Desktop/Projects/ORG2/agentflow/.venv/lib/python3.14/site-packages/django/db/models/query.py", line 635, in get
    num = len(clone)
  File "/home/stewart/Desktop/Projects/ORG2/agentflow/.venv/lib/python3.14/site-packages/django/db/models/query.py", line 372, in __len__
    self._fetch_all()
    ~~~~~~~~~~~~~~~^^
  File "/home/stewart/Desktop/Projects/ORG2/agentflow/.venv/lib/python3.14/site-packages/django/db/models/query.py", line 2000, in _fetch_all
    self._result_cache = list(self._iterable_class(self))
                         ~~~~^^^^^^^^^^^^^^^^^^^^^^^^^^^^
  File "/home/stewart/Desktop/Projects/ORG2/agentflow/.venv/lib/python3.14/site-packages/django/db/models/query.py", line 95, in __iter__
    results = compiler.execute_sql(
        chunked_fetch=self.chunked_fetch, chunk_size=self.chunk_size
    )
  File "/home/stewart/Desktop/Projects/ORG2/agentflow/.venv/lib/python3.14/site-packages/django/db/models/sql/compiler.py", line 1622, in execute_sql
    cursor = self.connection.cursor()
  File "/home/stewart/Desktop/Projects/ORG2/agentflow/.venv/lib/python3.14/site-packages/django/utils/asyncio.py", line 26, in inner
    return func(*args, **kwargs)
  File "/home/stewart/Desktop/Projects/ORG2/agentflow/.venv/lib/python3.14/site-packages/django/db/backends/base/base.py", line 320, in cursor
    return self._cursor()
           ~~~~~~~~~~~~^^
  File "/home/stewart/Desktop/Projects/ORG2/agentflow/.venv/lib/python3.14/site-packages/django/db/backends/base/base.py", line 296, in _cursor
    self.ensure_connection()
    ~~~~~~~~~~~~~~~~~~~~~~^^
  File "/home/stewart/Desktop/Projects/ORG2/agentflow/.venv/lib/python3.14/site-packages/django/utils/asyncio.py", line 26, in inner
    return func(*args, **kwargs)
  File "/home/stewart/Desktop/Projects/ORG2/agentflow/.venv/lib/python3.14/site-packages/django/db/backends/base/base.py", line 278, in ensure_connection
    with self.wrap_database_errors:
         ^^^^^^^^^^^^^^^^^^^^^^^^^
  File "/home/stewart/Desktop/Projects/ORG2/agentflow/.venv/lib/python3.14/site-packages/django/db/utils.py", line 94, in __exit__
    raise dj_exc_value.with_traceback(traceback) from exc_value
  File "/home/stewart/Desktop/Projects/ORG2/agentflow/.venv/lib/python3.14/site-packages/django/db/backends/base/base.py", line 279, in ensure_connection
    self.connect()
    ~~~~~~~~~~~~^^
  File "/home/stewart/Desktop/Projects/ORG2/agentflow/.venv/lib/python3.14/site-packages/django/utils/asyncio.py", line 26, in inner
    return func(*args, **kwargs)
  File "/home/stewart/Desktop/Projects/ORG2/agentflow/.venv/lib/python3.14/site-packages/django/db/backends/base/base.py", line 256, in connect
    self.connection = self.get_new_connection(conn_params)
                      ~~~~~~~~~~~~~~~~~~~~~~~^^^^^^^^^^^^^
  File "/home/stewart/Desktop/Projects/ORG2/agentflow/.venv/lib/python3.14/site-packages/django/utils/asyncio.py", line 26, in inner
    return func(*args, **kwargs)
  File "/home/stewart/Desktop/Projects/ORG2/agentflow/.venv/lib/python3.14/site-packages/django/db/backends/sqlite3/base.py", line 206, in get_new_connection
    register_functions(conn)
    ~~~~~~~~~~~~~~~~~~^^^^^^
  File "/home/stewart/Desktop/Projects/ORG2/agentflow/.venv/lib/python3.14/site-packages/django/db/backends/sqlite3/_functions.py", line 86, in register
    if not connection.execute(sql).fetchone()[0]:
           ~~~~~~~~~~~~~~~~~~^^^^^
django.db.utils.OperationalError: database is locked
Internal Server Error: /pos-table/
Traceback (most recent call last):
  File "/home/stewart/Desktop/Projects/ORG2/agentflow/.venv/lib/python3.14/site-packages/django/contrib/sessions/backends/base.py", line 246, in _get_session
    return self._session_cache
           ^^^^^^^^^^^^^^^^^^^
AttributeError: 'SessionStore' object has no attribute '_session_cache'

During handling of the above exception, another exception occurred:

Traceback (most recent call last):
  File "/home/stewart/Desktop/Projects/ORG2/agentflow/.venv/lib/python3.14/site-packages/django/db/backends/utils.py", line 105, in _execute
    return self.cursor.execute(sql, params)
           ~~~~~~~~~~~~~~~~~~~^^^^^^^^^^^^^
  File "/home/stewart/Desktop/Projects/ORG2/agentflow/.venv/lib/python3.14/site-packages/django/db/backends/sqlite3/base.py", line 359, in execute
    return super().execute(query, params)
           ~~~~~~~~~~~~~~~^^^^^^^^^^^^^^^
sqlite3.OperationalError: database is locked

The above exception was the direct cause of the following exception:

Traceback (most recent call last):
  File "/home/stewart/Desktop/Projects/ORG2/agentflow/.venv/lib/python3.14/site-packages/django/core/handlers/exception.py", line 55, in inner
    response = get_response(request)
  File "/home/stewart/Desktop/Projects/ORG2/agentflow/.venv/lib/python3.14/site-packages/django/utils/deprecation.py", line 308, in __call__
    response = self.process_request(request)
  File "/home/stewart/Desktop/Projects/ORG2/agentflow/accounts/middleware.py", line 9, in process_request
    if request.user.is_authenticated:
       ^^^^^^^^^^^^^^^^^^^^^^^^^^^^^
  File "/home/stewart/Desktop/Projects/ORG2/agentflow/.venv/lib/python3.14/site-packages/django/utils/functional.py", line 251, in inner
    self._setup()
    ~~~~~~~~~~~^^
  File "/home/stewart/Desktop/Projects/ORG2/agentflow/.venv/lib/python3.14/site-packages/django/utils/functional.py", line 404, in _setup
    self._wrapped = self._setupfunc()
                    ~~~~~~~~~~~~~~~^^
  File "/home/stewart/Desktop/Projects/ORG2/agentflow/.venv/lib/python3.14/site-packages/django/contrib/auth/middleware.py", line 40, in <lambda>
    request.user = SimpleLazyObject(lambda: get_user(request))
                                            ~~~~~~~~^^^^^^^^^
  File "/home/stewart/Desktop/Projects/ORG2/agentflow/.venv/lib/python3.14/site-packages/django/contrib/auth/middleware.py", line 20, in get_user
    request._cached_user = auth.get_user(request)
                           ~~~~~~~~~~~~~^^^^^^^^^
  File "/home/stewart/Desktop/Projects/ORG2/agentflow/.venv/lib/python3.14/site-packages/django/contrib/auth/__init__.py", line 321, in get_user
    user_id = _get_user_session_key(request)
  File "/home/stewart/Desktop/Projects/ORG2/agentflow/.venv/lib/python3.14/site-packages/django/contrib/auth/__init__.py", line 95, in _get_user_session_key
    return get_user_model()._meta.pk.to_python(request.session[SESSION_KEY])
                                               ~~~~~~~~~~~~~~~^^^^^^^^^^^^^
  File "/home/stewart/Desktop/Projects/ORG2/agentflow/.venv/lib/python3.14/site-packages/django/contrib/sessions/backends/base.py", line 55, in __getitem__
    return self._session[key]
           ^^^^^^^^^^^^^
  File "/home/stewart/Desktop/Projects/ORG2/agentflow/.venv/lib/python3.14/site-packages/django/contrib/sessions/backends/base.py", line 251, in _get_session
    self._session_cache = self.load()
                          ~~~~~~~~~^^
  File "/home/stewart/Desktop/Projects/ORG2/agentflow/.venv/lib/python3.14/site-packages/django/contrib/sessions/backends/db.py", line 55, in load
    s = self._get_session_from_db()
  File "/home/stewart/Desktop/Projects/ORG2/agentflow/.venv/lib/python3.14/site-packages/django/contrib/sessions/backends/db.py", line 34, in _get_session_from_db
    return self.model.objects.get(
           ~~~~~~~~~~~~~~~~~~~~~~^
        session_key=self.session_key, expire_date__gt=timezone.now()
        ^^^^^^^^^^^^^^^^^^^^^^^^^^^^^^^^^^^^^^^^^^^^^^^^^^^^^^^^^^^^
    )
    ^
  File "/home/stewart/Desktop/Projects/ORG2/agentflow/.venv/lib/python3.14/site-packages/django/db/models/manager.py", line 87, in manager_method
    return getattr(self.get_queryset(), name)(*args, **kwargs)
           ~~~~~~~~~~~~~~~~~~~~~~~~~~~~~~~~~~^^^^^^^^^^^^^^^^^
  File "/home/stewart/Desktop/Projects/ORG2/agentflow/.venv/lib/python3.14/site-packages/django/db/models/query.py", line 635, in get
    num = len(clone)
  File "/home/stewart/Desktop/Projects/ORG2/agentflow/.venv/lib/python3.14/site-packages/django/db/models/query.py", line 372, in __len__
    self._fetch_all()
    ~~~~~~~~~~~~~~~^^
  File "/home/stewart/Desktop/Projects/ORG2/agentflow/.venv/lib/python3.14/site-packages/django/db/models/query.py", line 2000, in _fetch_all
    self._result_cache = list(self._iterable_class(self))
                         ~~~~^^^^^^^^^^^^^^^^^^^^^^^^^^^^
  File "/home/stewart/Desktop/Projects/ORG2/agentflow/.venv/lib/python3.14/site-packages/django/db/models/query.py", line 95, in __iter__
    results = compiler.execute_sql(
        chunked_fetch=self.chunked_fetch, chunk_size=self.chunk_size
    )
  File "/home/stewart/Desktop/Projects/ORG2/agentflow/.venv/lib/python3.14/site-packages/django/db/models/sql/compiler.py", line 1624, in execute_sql
    cursor.execute(sql, params)
    ~~~~~~~~~~~~~~^^^^^^^^^^^^^
  File "/home/stewart/Desktop/Projects/ORG2/agentflow/.venv/lib/python3.14/site-packages/django/db/backends/utils.py", line 122, in execute
    return super().execute(sql, params)
           ~~~~~~~~~~~~~~~^^^^^^^^^^^^^
  File "/home/stewart/Desktop/Projects/ORG2/agentflow/.venv/lib/python3.14/site-packages/django/db/backends/utils.py", line 79, in execute
    return self._execute_with_wrappers(
           ~~~~~~~~~~~~~~~~~~~~~~~~~~~^
        sql, params, many=False, executor=self._execute
        ^^^^^^^^^^^^^^^^^^^^^^^^^^^^^^^^^^^^^^^^^^^^^^^
    )
    ^
  File "/home/stewart/Desktop/Projects/ORG2/agentflow/.venv/lib/python3.14/site-packages/django/db/backends/utils.py", line 92, in _execute_with_wrappers
    return executor(sql, params, many, context)
  File "/home/stewart/Desktop/Projects/ORG2/agentflow/.venv/lib/python3.14/site-packages/django/db/backends/utils.py", line 100, in _execute
    with self.db.wrap_database_errors:
         ^^^^^^^^^^^^^^^^^^^^^^^^^^^^
  File "/home/stewart/Desktop/Projects/ORG2/agentflow/.venv/lib/python3.14/site-packages/django/db/utils.py", line 94, in __exit__
    raise dj_exc_value.with_traceback(traceback) from exc_value
  File "/home/stewart/Desktop/Projects/ORG2/agentflow/.venv/lib/python3.14/site-packages/django/db/backends/utils.py", line 105, in _execute
    return self.cursor.execute(sql, params)
           ~~~~~~~~~~~~~~~~~~~^^^^^^^^^^^^^
  File "/home/stewart/Desktop/Projects/ORG2/agentflow/.venv/lib/python3.14/site-packages/django/db/backends/sqlite3/base.py", line 359, in execute
    return super().execute(query, params)
           ~~~~~~~~~~~~~~~^^^^^^^^^^^^^^^
django.db.utils.OperationalError: database is locked
Internal Server Error: /inventory/products/783ba353-d874-4c69-a3da-97821066500f/update/
Traceback (most recent call last):
  File "/home/stewart/Desktop/Projects/ORG2/agentflow/.venv/lib/python3.14/site-packages/django/contrib/sessions/backends/base.py", line 246, in _get_session
    return self._session_cache
           ^^^^^^^^^^^^^^^^^^^
AttributeError: 'SessionStore' object has no attribute '_session_cache'

During handling of the above exception, another exception occurred:

Traceback (most recent call last):
  File "/home/stewart/Desktop/Projects/ORG2/agentflow/.venv/lib/python3.14/site-packages/django/db/backends/base/base.py", line 279, in ensure_connection
    self.connect()
    ~~~~~~~~~~~~^^
  File "/home/stewart/Desktop/Projects/ORG2/agentflow/.venv/lib/python3.14/site-packages/django/utils/asyncio.py", line 26, in inner
    return func(*args, **kwargs)
  File "/home/stewart/Desktop/Projects/ORG2/agentflow/.venv/lib/python3.14/site-packages/django/db/backends/base/base.py", line 256, in connect
    self.connection = self.get_new_connection(conn_params)
                      ~~~~~~~~~~~~~~~~~~~~~~~^^^^^^^^^^^^^
  File "/home/stewart/Desktop/Projects/ORG2/agentflow/.venv/lib/python3.14/site-packages/django/utils/asyncio.py", line 26, in inner
    return func(*args, **kwargs)
  File "/home/stewart/Desktop/Projects/ORG2/agentflow/.venv/lib/python3.14/site-packages/django/db/backends/sqlite3/base.py", line 206, in get_new_connection
    register_functions(conn)
    ~~~~~~~~~~~~~~~~~~^^^^^^
  File "/home/stewart/Desktop/Projects/ORG2/agentflow/.venv/lib/python3.14/site-packages/django/db/backends/sqlite3/_functions.py", line 86, in register
    if not connection.execute(sql).fetchone()[0]:
           ~~~~~~~~~~~~~~~~~~^^^^^
sqlite3.OperationalError: database is locked

The above exception was the direct cause of the following exception:

Traceback (most recent call last):
  File "/home/stewart/Desktop/Projects/ORG2/agentflow/.venv/lib/python3.14/site-packages/django/core/handlers/exception.py", line 55, in inner
    response = get_response(request)
  File "/home/stewart/Desktop/Projects/ORG2/agentflow/.venv/lib/python3.14/site-packages/django/utils/deprecation.py", line 308, in __call__
    response = self.process_request(request)
  File "/home/stewart/Desktop/Projects/ORG2/agentflow/accounts/middleware.py", line 9, in process_request
    if request.user.is_authenticated:
       ^^^^^^^^^^^^^^^^^^^^^^^^^^^^^
  File "/home/stewart/Desktop/Projects/ORG2/agentflow/.venv/lib/python3.14/site-packages/django/utils/functional.py", line 251, in inner
    self._setup()
    ~~~~~~~~~~~^^
  File "/home/stewart/Desktop/Projects/ORG2/agentflow/.venv/lib/python3.14/site-packages/django/utils/functional.py", line 404, in _setup
    self._wrapped = self._setupfunc()
                    ~~~~~~~~~~~~~~~^^
  File "/home/stewart/Desktop/Projects/ORG2/agentflow/.venv/lib/python3.14/site-packages/django/contrib/auth/middleware.py", line 40, in <lambda>
    request.user = SimpleLazyObject(lambda: get_user(request))
                                            ~~~~~~~~^^^^^^^^^
  File "/home/stewart/Desktop/Projects/ORG2/agentflow/.venv/lib/python3.14/site-packages/django/contrib/auth/middleware.py", line 20, in get_user
    request._cached_user = auth.get_user(request)
                           ~~~~~~~~~~~~~^^^^^^^^^
  File "/home/stewart/Desktop/Projects/ORG2/agentflow/.venv/lib/python3.14/site-packages/django/contrib/auth/__init__.py", line 321, in get_user
    user_id = _get_user_session_key(request)
  File "/home/stewart/Desktop/Projects/ORG2/agentflow/.venv/lib/python3.14/site-packages/django/contrib/auth/__init__.py", line 95, in _get_user_session_key
    return get_user_model()._meta.pk.to_python(request.session[SESSION_KEY])
                                               ~~~~~~~~~~~~~~~^^^^^^^^^^^^^
  File "/home/stewart/Desktop/Projects/ORG2/agentflow/.venv/lib/python3.14/site-packages/django/contrib/sessions/backends/base.py", line 55, in __getitem__
    return self._session[key]
           ^^^^^^^^^^^^^
  File "/home/stewart/Desktop/Projects/ORG2/agentflow/.venv/lib/python3.14/site-packages/django/contrib/sessions/backends/base.py", line 251, in _get_session
    self._session_cache = self.load()
                          ~~~~~~~~~^^
  File "/home/stewart/Desktop/Projects/ORG2/agentflow/.venv/lib/python3.14/site-packages/django/contrib/sessions/backends/db.py", line 55, in load
    s = self._get_session_from_db()
  File "/home/stewart/Desktop/Projects/ORG2/agentflow/.venv/lib/python3.14/site-packages/django/contrib/sessions/backends/db.py", line 34, in _get_session_from_db
    return self.model.objects.get(
           ~~~~~~~~~~~~~~~~~~~~~~^
        session_key=self.session_key, expire_date__gt=timezone.now()
        ^^^^^^^^^^^^^^^^^^^^^^^^^^^^^^^^^^^^^^^^^^^^^^^^^^^^^^^^^^^^
    )
    ^
  File "/home/stewart/Desktop/Projects/ORG2/agentflow/.venv/lib/python3.14/site-packages/django/db/models/manager.py", line 87, in manager_method
    return getattr(self.get_queryset(), name)(*args, **kwargs)
           ~~~~~~~~~~~~~~~~~~~~~~~~~~~~~~~~~~^^^^^^^^^^^^^^^^^
  File "/home/stewart/Desktop/Projects/ORG2/agentflow/.venv/lib/python3.14/site-packages/django/db/models/query.py", line 635, in get
    num = len(clone)
  File "/home/stewart/Desktop/Projects/ORG2/agentflow/.venv/lib/python3.14/site-packages/django/db/models/query.py", line 372, in __len__
    self._fetch_all()
    ~~~~~~~~~~~~~~~^^
  File "/home/stewart/Desktop/Projects/ORG2/agentflow/.venv/lib/python3.14/site-packages/django/db/models/query.py", line 2000, in _fetch_all
    self._result_cache = list(self._iterable_class(self))
                         ~~~~^^^^^^^^^^^^^^^^^^^^^^^^^^^^
  File "/home/stewart/Desktop/Projects/ORG2/agentflow/.venv/lib/python3.14/site-packages/django/db/models/query.py", line 95, in __iter__
    results = compiler.execute_sql(
        chunked_fetch=self.chunked_fetch, chunk_size=self.chunk_size
    )
  File "/home/stewart/Desktop/Projects/ORG2/agentflow/.venv/lib/python3.14/site-packages/django/db/models/sql/compiler.py", line 1622, in execute_sql
    cursor = self.connection.cursor()
  File "/home/stewart/Desktop/Projects/ORG2/agentflow/.venv/lib/python3.14/site-packages/django/utils/asyncio.py", line 26, in inner
    return func(*args, **kwargs)
  File "/home/stewart/Desktop/Projects/ORG2/agentflow/.venv/lib/python3.14/site-packages/django/db/backends/base/base.py", line 320, in cursor
    return self._cursor()
           ~~~~~~~~~~~~^^
  File "/home/stewart/Desktop/Projects/ORG2/agentflow/.venv/lib/python3.14/site-packages/django/db/backends/base/base.py", line 296, in _cursor
    self.ensure_connection()
    ~~~~~~~~~~~~~~~~~~~~~~^^
  File "/home/stewart/Desktop/Projects/ORG2/agentflow/.venv/lib/python3.14/site-packages/django/utils/asyncio.py", line 26, in inner
    return func(*args, **kwargs)
  File "/home/stewart/Desktop/Projects/ORG2/agentflow/.venv/lib/python3.14/site-packages/django/db/backends/base/base.py", line 278, in ensure_connection
    with self.wrap_database_errors:
         ^^^^^^^^^^^^^^^^^^^^^^^^^
  File "/home/stewart/Desktop/Projects/ORG2/agentflow/.venv/lib/python3.14/site-packages/django/db/utils.py", line 94, in __exit__
    raise dj_exc_value.with_traceback(traceback) from exc_value
  File "/home/stewart/Desktop/Projects/ORG2/agentflow/.venv/lib/python3.14/site-packages/django/db/backends/base/base.py", line 279, in ensure_connection
    self.connect()
    ~~~~~~~~~~~~^^
  File "/home/stewart/Desktop/Projects/ORG2/agentflow/.venv/lib/python3.14/site-packages/django/utils/asyncio.py", line 26, in inner
    return func(*args, **kwargs)
  File "/home/stewart/Desktop/Projects/ORG2/agentflow/.venv/lib/python3.14/site-packages/django/db/backends/base/base.py", line 256, in connect
    self.connection = self.get_new_connection(conn_params)
                      ~~~~~~~~~~~~~~~~~~~~~~~^^^^^^^^^^^^^
  File "/home/stewart/Desktop/Projects/ORG2/agentflow/.venv/lib/python3.14/site-packages/django/utils/asyncio.py", line 26, in inner
    return func(*args, **kwargs)
  File "/home/stewart/Desktop/Projects/ORG2/agentflow/.venv/lib/python3.14/site-packages/django/db/backends/sqlite3/base.py", line 206, in get_new_connection
    register_functions(conn)
    ~~~~~~~~~~~~~~~~~~^^^^^^
  File "/home/stewart/Desktop/Projects/ORG2/agentflow/.venv/lib/python3.14/site-packages/django/db/backends/sqlite3/_functions.py", line 86, in register
    if not connection.execute(sql).fetchone()[0]:
           ~~~~~~~~~~~~~~~~~~^^^^^
django.db.utils.OperationalError: database is locked
Internal Server Error: /inventory/reports/sales/
Traceback (most recent call last):
  File "/home/stewart/Desktop/Projects/ORG2/agentflow/.venv/lib/python3.14/site-packages/django/contrib/sessions/backends/base.py", line 246, in _get_session
    return self._session_cache
           ^^^^^^^^^^^^^^^^^^^
AttributeError: 'SessionStore' object has no attribute '_session_cache'

During handling of the above exception, another exception occurred:

Traceback (most recent call last):
  File "/home/stewart/Desktop/Projects/ORG2/agentflow/.venv/lib/python3.14/site-packages/django/db/backends/utils.py", line 105, in _execute
    return self.cursor.execute(sql, params)
           ~~~~~~~~~~~~~~~~~~~^^^^^^^^^^^^^
  File "/home/stewart/Desktop/Projects/ORG2/agentflow/.venv/lib/python3.14/site-packages/django/db/backends/sqlite3/base.py", line 359, in execute
    return super().execute(query, params)
           ~~~~~~~~~~~~~~~^^^^^^^^^^^^^^^
sqlite3.OperationalError: database is locked

The above exception was the direct cause of the following exception:

Traceback (most recent call last):
  File "/home/stewart/Desktop/Projects/ORG2/agentflow/.venv/lib/python3.14/site-packages/django/core/handlers/exception.py", line 55, in inner
    response = get_response(request)
  File "/home/stewart/Desktop/Projects/ORG2/agentflow/.venv/lib/python3.14/site-packages/django/utils/deprecation.py", line 308, in __call__
    response = self.process_request(request)
  File "/home/stewart/Desktop/Projects/ORG2/agentflow/accounts/middleware.py", line 9, in process_request
    if request.user.is_authenticated:
       ^^^^^^^^^^^^^^^^^^^^^^^^^^^^^
  File "/home/stewart/Desktop/Projects/ORG2/agentflow/.venv/lib/python3.14/site-packages/django/utils/functional.py", line 251, in inner
    self._setup()
    ~~~~~~~~~~~^^
  File "/home/stewart/Desktop/Projects/ORG2/agentflow/.venv/lib/python3.14/site-packages/django/utils/functional.py", line 404, in _setup
    self._wrapped = self._setupfunc()
                    ~~~~~~~~~~~~~~~^^
  File "/home/stewart/Desktop/Projects/ORG2/agentflow/.venv/lib/python3.14/site-packages/django/contrib/auth/middleware.py", line 40, in <lambda>
    request.user = SimpleLazyObject(lambda: get_user(request))
                                            ~~~~~~~~^^^^^^^^^
  File "/home/stewart/Desktop/Projects/ORG2/agentflow/.venv/lib/python3.14/site-packages/django/contrib/auth/middleware.py", line 20, in get_user
    request._cached_user = auth.get_user(request)
                           ~~~~~~~~~~~~~^^^^^^^^^
  File "/home/stewart/Desktop/Projects/ORG2/agentflow/.venv/lib/python3.14/site-packages/django/contrib/auth/__init__.py", line 321, in get_user
    user_id = _get_user_session_key(request)
  File "/home/stewart/Desktop/Projects/ORG2/agentflow/.venv/lib/python3.14/site-packages/django/contrib/auth/__init__.py", line 95, in _get_user_session_key
    return get_user_model()._meta.pk.to_python(request.session[SESSION_KEY])
                                               ~~~~~~~~~~~~~~~^^^^^^^^^^^^^
  File "/home/stewart/Desktop/Projects/ORG2/agentflow/.venv/lib/python3.14/site-packages/django/contrib/sessions/backends/base.py", line 55, in __getitem__
    return self._session[key]
           ^^^^^^^^^^^^^
  File "/home/stewart/Desktop/Projects/ORG2/agentflow/.venv/lib/python3.14/site-packages/django/contrib/sessions/backends/base.py", line 251, in _get_session
    self._session_cache = self.load()
                          ~~~~~~~~~^^
  File "/home/stewart/Desktop/Projects/ORG2/agentflow/.venv/lib/python3.14/site-packages/django/contrib/sessions/backends/db.py", line 55, in load
    s = self._get_session_from_db()
  File "/home/stewart/Desktop/Projects/ORG2/agentflow/.venv/lib/python3.14/site-packages/django/contrib/sessions/backends/db.py", line 34, in _get_session_from_db
    return self.model.objects.get(
           ~~~~~~~~~~~~~~~~~~~~~~^
        session_key=self.session_key, expire_date__gt=timezone.now()
        ^^^^^^^^^^^^^^^^^^^^^^^^^^^^^^^^^^^^^^^^^^^^^^^^^^^^^^^^^^^^
    )
    ^
  File "/home/stewart/Desktop/Projects/ORG2/agentflow/.venv/lib/python3.14/site-packages/django/db/models/manager.py", line 87, in manager_method
    return getattr(self.get_queryset(), name)(*args, **kwargs)
           ~~~~~~~~~~~~~~~~~~~~~~~~~~~~~~~~~~^^^^^^^^^^^^^^^^^
  File "/home/stewart/Desktop/Projects/ORG2/agentflow/.venv/lib/python3.14/site-packages/django/db/models/query.py", line 635, in get
    num = len(clone)
  File "/home/stewart/Desktop/Projects/ORG2/agentflow/.venv/lib/python3.14/site-packages/django/db/models/query.py", line 372, in __len__
    self._fetch_all()
    ~~~~~~~~~~~~~~~^^
  File "/home/stewart/Desktop/Projects/ORG2/agentflow/.venv/lib/python3.14/site-packages/django/db/models/query.py", line 2000, in _fetch_all
    self._result_cache = list(self._iterable_class(self))
                         ~~~~^^^^^^^^^^^^^^^^^^^^^^^^^^^^
  File "/home/stewart/Desktop/Projects/ORG2/agentflow/.venv/lib/python3.14/site-packages/django/db/models/query.py", line 95, in __iter__
    results = compiler.execute_sql(
        chunked_fetch=self.chunked_fetch, chunk_size=self.chunk_size
    )
  File "/home/stewart/Desktop/Projects/ORG2/agentflow/.venv/lib/python3.14/site-packages/django/db/models/sql/compiler.py", line 1624, in execute_sql
    cursor.execute(sql, params)
    ~~~~~~~~~~~~~~^^^^^^^^^^^^^
  File "/home/stewart/Desktop/Projects/ORG2/agentflow/.venv/lib/python3.14/site-packages/django/db/backends/utils.py", line 122, in execute
    return super().execute(sql, params)
           ~~~~~~~~~~~~~~~^^^^^^^^^^^^^
  File "/home/stewart/Desktop/Projects/ORG2/agentflow/.venv/lib/python3.14/site-packages/django/db/backends/utils.py", line 79, in execute
    return self._execute_with_wrappers(
           ~~~~~~~~~~~~~~~~~~~~~~~~~~~^
        sql, params, many=False, executor=self._execute
        ^^^^^^^^^^^^^^^^^^^^^^^^^^^^^^^^^^^^^^^^^^^^^^^
    )
    ^
  File "/home/stewart/Desktop/Projects/ORG2/agentflow/.venv/lib/python3.14/site-packages/django/db/backends/utils.py", line 92, in _execute_with_wrappers
    return executor(sql, params, many, context)
  File "/home/stewart/Desktop/Projects/ORG2/agentflow/.venv/lib/python3.14/site-packages/django/db/backends/utils.py", line 100, in _execute
    with self.db.wrap_database_errors:
         ^^^^^^^^^^^^^^^^^^^^^^^^^^^^
  File "/home/stewart/Desktop/Projects/ORG2/agentflow/.venv/lib/python3.14/site-packages/django/db/utils.py", line 94, in __exit__
    raise dj_exc_value.with_traceback(traceback) from exc_value
  File "/home/stewart/Desktop/Projects/ORG2/agentflow/.venv/lib/python3.14/site-packages/django/db/backends/utils.py", line 105, in _execute
    return self.cursor.execute(sql, params)
           ~~~~~~~~~~~~~~~~~~~^^^^^^^^^^^^^
  File "/home/stewart/Desktop/Projects/ORG2/agentflow/.venv/lib/python3.14/site-packages/django/db/backends/sqlite3/base.py", line 359, in execute
    return super().execute(query, params)
           ~~~~~~~~~~~~~~~^^^^^^^^^^^^^^^
django.db.utils.OperationalError: database is locked
Internal Server Error: /purchases/orders/create/
Traceback (most recent call last):
  File "/home/stewart/Desktop/Projects/ORG2/agentflow/.venv/lib/python3.14/site-packages/django/contrib/sessions/backends/base.py", line 246, in _get_session
    return self._session_cache
           ^^^^^^^^^^^^^^^^^^^
AttributeError: 'SessionStore' object has no attribute '_session_cache'

During handling of the above exception, another exception occurred:

Traceback (most recent call last):
  File "/home/stewart/Desktop/Projects/ORG2/agentflow/.venv/lib/python3.14/site-packages/django/db/backends/base/base.py", line 279, in ensure_connection
    self.connect()
    ~~~~~~~~~~~~^^
  File "/home/stewart/Desktop/Projects/ORG2/agentflow/.venv/lib/python3.14/site-packages/django/utils/asyncio.py", line 26, in inner
    return func(*args, **kwargs)
  File "/home/stewart/Desktop/Projects/ORG2/agentflow/.venv/lib/python3.14/site-packages/django/db/backends/base/base.py", line 256, in connect
    self.connection = self.get_new_connection(conn_params)
                      ~~~~~~~~~~~~~~~~~~~~~~~^^^^^^^^^^^^^
  File "/home/stewart/Desktop/Projects/ORG2/agentflow/.venv/lib/python3.14/site-packages/django/utils/asyncio.py", line 26, in inner
    return func(*args, **kwargs)
  File "/home/stewart/Desktop/Projects/ORG2/agentflow/.venv/lib/python3.14/site-packages/django/db/backends/sqlite3/base.py", line 206, in get_new_connection
    register_functions(conn)
    ~~~~~~~~~~~~~~~~~~^^^^^^
  File "/home/stewart/Desktop/Projects/ORG2/agentflow/.venv/lib/python3.14/site-packages/django/db/backends/sqlite3/_functions.py", line 86, in register
    if not connection.execute(sql).fetchone()[0]:
           ~~~~~~~~~~~~~~~~~~^^^^^
sqlite3.OperationalError: database is locked

The above exception was the direct cause of the following exception:

Traceback (most recent call last):
  File "/home/stewart/Desktop/Projects/ORG2/agentflow/.venv/lib/python3.14/site-packages/django/core/handlers/exception.py", line 55, in inner
    response = get_response(request)
  File "/home/stewart/Desktop/Projects/ORG2/agentflow/.venv/lib/python3.14/site-packages/django/utils/deprecation.py", line 308, in __call__
    response = self.process_request(request)
  File "/home/stewart/Desktop/Projects/ORG2/agentflow/accounts/middleware.py", line 9, in process_request
    if request.user.is_authenticated:
       ^^^^^^^^^^^^^^^^^^^^^^^^^^^^^
  File "/home/stewart/Desktop/Projects/ORG2/agentflow/.venv/lib/python3.14/site-packages/django/utils/functional.py", line 251, in inner
    self._setup()
    ~~~~~~~~~~~^^
  File "/home/stewart/Desktop/Projects/ORG2/agentflow/.venv/lib/python3.14/site-packages/django/utils/functional.py", line 404, in _setup
    self._wrapped = self._setupfunc()
                    ~~~~~~~~~~~~~~~^^
  File "/home/stewart/Desktop/Projects/ORG2/agentflow/.venv/lib/python3.14/site-packages/django/contrib/auth/middleware.py", line 40, in <lambda>
    request.user = SimpleLazyObject(lambda: get_user(request))
                                            ~~~~~~~~^^^^^^^^^
  File "/home/stewart/Desktop/Projects/ORG2/agentflow/.venv/lib/python3.14/site-packages/django/contrib/auth/middleware.py", line 20, in get_user
    request._cached_user = auth.get_user(request)
                           ~~~~~~~~~~~~~^^^^^^^^^
  File "/home/stewart/Desktop/Projects/ORG2/agentflow/.venv/lib/python3.14/site-packages/django/contrib/auth/__init__.py", line 321, in get_user
    user_id = _get_user_session_key(request)
  File "/home/stewart/Desktop/Projects/ORG2/agentflow/.venv/lib/python3.14/site-packages/django/contrib/auth/__init__.py", line 95, in _get_user_session_key
    return get_user_model()._meta.pk.to_python(request.session[SESSION_KEY])
                                               ~~~~~~~~~~~~~~~^^^^^^^^^^^^^
  File "/home/stewart/Desktop/Projects/ORG2/agentflow/.venv/lib/python3.14/site-packages/django/contrib/sessions/backends/base.py", line 55, in __getitem__
    return self._session[key]
           ^^^^^^^^^^^^^
  File "/home/stewart/Desktop/Projects/ORG2/agentflow/.venv/lib/python3.14/site-packages/django/contrib/sessions/backends/base.py", line 251, in _get_session
    self._session_cache = self.load()
                          ~~~~~~~~~^^
  File "/home/stewart/Desktop/Projects/ORG2/agentflow/.venv/lib/python3.14/site-packages/django/contrib/sessions/backends/db.py", line 55, in load
    s = self._get_session_from_db()
  File "/home/stewart/Desktop/Projects/ORG2/agentflow/.venv/lib/python3.14/site-packages/django/contrib/sessions/backends/db.py", line 34, in _get_session_from_db
    return self.model.objects.get(
           ~~~~~~~~~~~~~~~~~~~~~~^
        session_key=self.session_key, expire_date__gt=timezone.now()
        ^^^^^^^^^^^^^^^^^^^^^^^^^^^^^^^^^^^^^^^^^^^^^^^^^^^^^^^^^^^^
    )
    ^
  File "/home/stewart/Desktop/Projects/ORG2/agentflow/.venv/lib/python3.14/site-packages/django/db/models/manager.py", line 87, in manager_method
    return getattr(self.get_queryset(), name)(*args, **kwargs)
           ~~~~~~~~~~~~~~~~~~~~~~~~~~~~~~~~~~^^^^^^^^^^^^^^^^^
  File "/home/stewart/Desktop/Projects/ORG2/agentflow/.venv/lib/python3.14/site-packages/django/db/models/query.py", line 635, in get
    num = len(clone)
  File "/home/stewart/Desktop/Projects/ORG2/agentflow/.venv/lib/python3.14/site-packages/django/db/models/query.py", line 372, in __len__
    self._fetch_all()
    ~~~~~~~~~~~~~~~^^
  File "/home/stewart/Desktop/Projects/ORG2/agentflow/.venv/lib/python3.14/site-packages/django/db/models/query.py", line 2000, in _fetch_all
    self._result_cache = list(self._iterable_class(self))
                         ~~~~^^^^^^^^^^^^^^^^^^^^^^^^^^^^
  File "/home/stewart/Desktop/Projects/ORG2/agentflow/.venv/lib/python3.14/site-packages/django/db/models/query.py", line 95, in __iter__
    results = compiler.execute_sql(
        chunked_fetch=self.chunked_fetch, chunk_size=self.chunk_size
    )
  File "/home/stewart/Desktop/Projects/ORG2/agentflow/.venv/lib/python3.14/site-packages/django/db/models/sql/compiler.py", line 1622, in execute_sql
    cursor = self.connection.cursor()
  File "/home/stewart/Desktop/Projects/ORG2/agentflow/.venv/lib/python3.14/site-packages/django/utils/asyncio.py", line 26, in inner
    return func(*args, **kwargs)
  File "/home/stewart/Desktop/Projects/ORG2/agentflow/.venv/lib/python3.14/site-packages/django/db/backends/base/base.py", line 320, in cursor
    return self._cursor()
           ~~~~~~~~~~~~^^
  File "/home/stewart/Desktop/Projects/ORG2/agentflow/.venv/lib/python3.14/site-packages/django/db/backends/base/base.py", line 296, in _cursor
    self.ensure_connection()
    ~~~~~~~~~~~~~~~~~~~~~~^^
  File "/home/stewart/Desktop/Projects/ORG2/agentflow/.venv/lib/python3.14/site-packages/django/utils/asyncio.py", line 26, in inner
    return func(*args, **kwargs)
  File "/home/stewart/Desktop/Projects/ORG2/agentflow/.venv/lib/python3.14/site-packages/django/db/backends/base/base.py", line 278, in ensure_connection
    with self.wrap_database_errors:
         ^^^^^^^^^^^^^^^^^^^^^^^^^
  File "/home/stewart/Desktop/Projects/ORG2/agentflow/.venv/lib/python3.14/site-packages/django/db/utils.py", line 94, in __exit__
    raise dj_exc_value.with_traceback(traceback) from exc_value
  File "/home/stewart/Desktop/Projects/ORG2/agentflow/.venv/lib/python3.14/site-packages/django/db/backends/base/base.py", line 279, in ensure_connection
    self.connect()
    ~~~~~~~~~~~~^^
  File "/home/stewart/Desktop/Projects/ORG2/agentflow/.venv/lib/python3.14/site-packages/django/utils/asyncio.py", line 26, in inner
    return func(*args, **kwargs)
  File "/home/stewart/Desktop/Projects/ORG2/agentflow/.venv/lib/python3.14/site-packages/django/db/backends/base/base.py", line 256, in connect
    self.connection = self.get_new_connection(conn_params)
                      ~~~~~~~~~~~~~~~~~~~~~~~^^^^^^^^^^^^^
  File "/home/stewart/Desktop/Projects/ORG2/agentflow/.venv/lib/python3.14/site-packages/django/utils/asyncio.py", line 26, in inner
    return func(*args, **kwargs)
  File "/home/stewart/Desktop/Projects/ORG2/agentflow/.venv/lib/python3.14/site-packages/django/db/backends/sqlite3/base.py", line 206, in get_new_connection
    register_functions(conn)
    ~~~~~~~~~~~~~~~~~~^^^^^^
  File "/home/stewart/Desktop/Projects/ORG2/agentflow/.venv/lib/python3.14/site-packages/django/db/backends/sqlite3/_functions.py", line 86, in register
    if not connection.execute(sql).fetchone()[0]:
           ~~~~~~~~~~~~~~~~~~^^^^^
django.db.utils.OperationalError: database is locked
Internal Server Error: /pos-table/
Traceback (most recent call last):
  File "/home/stewart/Desktop/Projects/ORG2/agentflow/.venv/lib/python3.14/site-packages/django/contrib/sessions/backends/base.py", line 246, in _get_session
    return self._session_cache
           ^^^^^^^^^^^^^^^^^^^
AttributeError: 'SessionStore' object has no attribute '_session_cache'

During handling of the above exception, another exception occurred:

Traceback (most recent call last):
  File "/home/stewart/Desktop/Projects/ORG2/agentflow/.venv/lib/python3.14/site-packages/django/db/backends/utils.py", line 105, in _execute
    return self.cursor.execute(sql, params)
           ~~~~~~~~~~~~~~~~~~~^^^^^^^^^^^^^
  File "/home/stewart/Desktop/Projects/ORG2/agentflow/.venv/lib/python3.14/site-packages/django/db/backends/sqlite3/base.py", line 359, in execute
    return super().execute(query, params)
           ~~~~~~~~~~~~~~~^^^^^^^^^^^^^^^
sqlite3.OperationalError: database is locked

The above exception was the direct cause of the following exception:

Traceback (most recent call last):
  File "/home/stewart/Desktop/Projects/ORG2/agentflow/.venv/lib/python3.14/site-packages/django/core/handlers/exception.py", line 55, in inner
    response = get_response(request)
  File "/home/stewart/Desktop/Projects/ORG2/agentflow/.venv/lib/python3.14/site-packages/django/utils/deprecation.py", line 308, in __call__
    response = self.process_request(request)
  File "/home/stewart/Desktop/Projects/ORG2/agentflow/accounts/middleware.py", line 9, in process_request
    if request.user.is_authenticated:
       ^^^^^^^^^^^^^^^^^^^^^^^^^^^^^
  File "/home/stewart/Desktop/Projects/ORG2/agentflow/.venv/lib/python3.14/site-packages/django/utils/functional.py", line 251, in inner
    self._setup()
    ~~~~~~~~~~~^^
  File "/home/stewart/Desktop/Projects/ORG2/agentflow/.venv/lib/python3.14/site-packages/django/utils/functional.py", line 404, in _setup
    self._wrapped = self._setupfunc()
                    ~~~~~~~~~~~~~~~^^
  File "/home/stewart/Desktop/Projects/ORG2/agentflow/.venv/lib/python3.14/site-packages/django/contrib/auth/middleware.py", line 40, in <lambda>
    request.user = SimpleLazyObject(lambda: get_user(request))
                                            ~~~~~~~~^^^^^^^^^
  File "/home/stewart/Desktop/Projects/ORG2/agentflow/.venv/lib/python3.14/site-packages/django/contrib/auth/middleware.py", line 20, in get_user
    request._cached_user = auth.get_user(request)
                           ~~~~~~~~~~~~~^^^^^^^^^
  File "/home/stewart/Desktop/Projects/ORG2/agentflow/.venv/lib/python3.14/site-packages/django/contrib/auth/__init__.py", line 321, in get_user
    user_id = _get_user_session_key(request)
  File "/home/stewart/Desktop/Projects/ORG2/agentflow/.venv/lib/python3.14/site-packages/django/contrib/auth/__init__.py", line 95, in _get_user_session_key
    return get_user_model()._meta.pk.to_python(request.session[SESSION_KEY])
                                               ~~~~~~~~~~~~~~~^^^^^^^^^^^^^
  File "/home/stewart/Desktop/Projects/ORG2/agentflow/.venv/lib/python3.14/site-packages/django/contrib/sessions/backends/base.py", line 55, in __getitem__
    return self._session[key]
           ^^^^^^^^^^^^^
  File "/home/stewart/Desktop/Projects/ORG2/agentflow/.venv/lib/python3.14/site-packages/django/contrib/sessions/backends/base.py", line 251, in _get_session
    self._session_cache = self.load()
                          ~~~~~~~~~^^
  File "/home/stewart/Desktop/Projects/ORG2/agentflow/.venv/lib/python3.14/site-packages/django/contrib/sessions/backends/db.py", line 55, in load
    s = self._get_session_from_db()
  File "/home/stewart/Desktop/Projects/ORG2/agentflow/.venv/lib/python3.14/site-packages/django/contrib/sessions/backends/db.py", line 34, in _get_session_from_db
    return self.model.objects.get(
           ~~~~~~~~~~~~~~~~~~~~~~^
        session_key=self.session_key, expire_date__gt=timezone.now()
        ^^^^^^^^^^^^^^^^^^^^^^^^^^^^^^^^^^^^^^^^^^^^^^^^^^^^^^^^^^^^
    )
    ^
  File "/home/stewart/Desktop/Projects/ORG2/agentflow/.venv/lib/python3.14/site-packages/django/db/models/manager.py", line 87, in manager_method
    return getattr(self.get_queryset(), name)(*args, **kwargs)
           ~~~~~~~~~~~~~~~~~~~~~~~~~~~~~~~~~~^^^^^^^^^^^^^^^^^
  File "/home/stewart/Desktop/Projects/ORG2/agentflow/.venv/lib/python3.14/site-packages/django/db/models/query.py", line 635, in get
    num = len(clone)
  File "/home/stewart/Desktop/Projects/ORG2/agentflow/.venv/lib/python3.14/site-packages/django/db/models/query.py", line 372, in __len__
    self._fetch_all()
    ~~~~~~~~~~~~~~~^^
  File "/home/stewart/Desktop/Projects/ORG2/agentflow/.venv/lib/python3.14/site-packages/django/db/models/query.py", line 2000, in _fetch_all
    self._result_cache = list(self._iterable_class(self))
                         ~~~~^^^^^^^^^^^^^^^^^^^^^^^^^^^^
  File "/home/stewart/Desktop/Projects/ORG2/agentflow/.venv/lib/python3.14/site-packages/django/db/models/query.py", line 95, in __iter__
    results = compiler.execute_sql(
        chunked_fetch=self.chunked_fetch, chunk_size=self.chunk_size
    )
  File "/home/stewart/Desktop/Projects/ORG2/agentflow/.venv/lib/python3.14/site-packages/django/db/models/sql/compiler.py", line 1624, in execute_sql
    cursor.execute(sql, params)
    ~~~~~~~~~~~~~~^^^^^^^^^^^^^
  File "/home/stewart/Desktop/Projects/ORG2/agentflow/.venv/lib/python3.14/site-packages/django/db/backends/utils.py", line 122, in execute
    return super().execute(sql, params)
           ~~~~~~~~~~~~~~~^^^^^^^^^^^^^
  File "/home/stewart/Desktop/Projects/ORG2/agentflow/.venv/lib/python3.14/site-packages/django/db/backends/utils.py", line 79, in execute
    return self._execute_with_wrappers(
           ~~~~~~~~~~~~~~~~~~~~~~~~~~~^
        sql, params, many=False, executor=self._execute
        ^^^^^^^^^^^^^^^^^^^^^^^^^^^^^^^^^^^^^^^^^^^^^^^
    )
    ^
  File "/home/stewart/Desktop/Projects/ORG2/agentflow/.venv/lib/python3.14/site-packages/django/db/backends/utils.py", line 92, in _execute_with_wrappers
    return executor(sql, params, many, context)
  File "/home/stewart/Desktop/Projects/ORG2/agentflow/.venv/lib/python3.14/site-packages/django/db/backends/utils.py", line 100, in _execute
    with self.db.wrap_database_errors:
         ^^^^^^^^^^^^^^^^^^^^^^^^^^^^
  File "/home/stewart/Desktop/Projects/ORG2/agentflow/.venv/lib/python3.14/site-packages/django/db/utils.py", line 94, in __exit__
    raise dj_exc_value.with_traceback(traceback) from exc_value
  File "/home/stewart/Desktop/Projects/ORG2/agentflow/.venv/lib/python3.14/site-packages/django/db/backends/utils.py", line 105, in _execute
    return self.cursor.execute(sql, params)
           ~~~~~~~~~~~~~~~~~~~^^^^^^^^^^^^^
  File "/home/stewart/Desktop/Projects/ORG2/agentflow/.venv/lib/python3.14/site-packages/django/db/backends/sqlite3/base.py", line 359, in execute
    return super().execute(query, params)
           ~~~~~~~~~~~~~~~^^^^^^^^^^^^^^^
django.db.utils.OperationalError: database is locked
Internal Server Error: /accounts/users/
Traceback (most recent call last):
  File "/home/stewart/Desktop/Projects/ORG2/agentflow/.venv/lib/python3.14/site-packages/django/contrib/sessions/backends/base.py", line 246, in _get_session
    return self._session_cache
           ^^^^^^^^^^^^^^^^^^^
AttributeError: 'SessionStore' object has no attribute '_session_cache'

During handling of the above exception, another exception occurred:

Traceback (most recent call last):
  File "/home/stewart/Desktop/Projects/ORG2/agentflow/.venv/lib/python3.14/site-packages/django/db/backends/utils.py", line 105, in _execute
    return self.cursor.execute(sql, params)
           ~~~~~~~~~~~~~~~~~~~^^^^^^^^^^^^^
  File "/home/stewart/Desktop/Projects/ORG2/agentflow/.venv/lib/python3.14/site-packages/django/db/backends/sqlite3/base.py", line 359, in execute
    return super().execute(query, params)
           ~~~~~~~~~~~~~~~^^^^^^^^^^^^^^^
sqlite3.OperationalError: database is locked

The above exception was the direct cause of the following exception:

Traceback (most recent call last):
  File "/home/stewart/Desktop/Projects/ORG2/agentflow/.venv/lib/python3.14/site-packages/django/core/handlers/exception.py", line 55, in inner
    response = get_response(request)
  File "/home/stewart/Desktop/Projects/ORG2/agentflow/.venv/lib/python3.14/site-packages/django/utils/deprecation.py", line 308, in __call__
    response = self.process_request(request)
  File "/home/stewart/Desktop/Projects/ORG2/agentflow/accounts/middleware.py", line 9, in process_request
    if request.user.is_authenticated:
       ^^^^^^^^^^^^^^^^^^^^^^^^^^^^^
  File "/home/stewart/Desktop/Projects/ORG2/agentflow/.venv/lib/python3.14/site-packages/django/utils/functional.py", line 251, in inner
    self._setup()
    ~~~~~~~~~~~^^
  File "/home/stewart/Desktop/Projects/ORG2/agentflow/.venv/lib/python3.14/site-packages/django/utils/functional.py", line 404, in _setup
    self._wrapped = self._setupfunc()
                    ~~~~~~~~~~~~~~~^^
  File "/home/stewart/Desktop/Projects/ORG2/agentflow/.venv/lib/python3.14/site-packages/django/contrib/auth/middleware.py", line 40, in <lambda>
    request.user = SimpleLazyObject(lambda: get_user(request))
                                            ~~~~~~~~^^^^^^^^^
  File "/home/stewart/Desktop/Projects/ORG2/agentflow/.venv/lib/python3.14/site-packages/django/contrib/auth/middleware.py", line 20, in get_user
    request._cached_user = auth.get_user(request)
                           ~~~~~~~~~~~~~^^^^^^^^^
  File "/home/stewart/Desktop/Projects/ORG2/agentflow/.venv/lib/python3.14/site-packages/django/contrib/auth/__init__.py", line 321, in get_user
    user_id = _get_user_session_key(request)
  File "/home/stewart/Desktop/Projects/ORG2/agentflow/.venv/lib/python3.14/site-packages/django/contrib/auth/__init__.py", line 95, in _get_user_session_key
    return get_user_model()._meta.pk.to_python(request.session[SESSION_KEY])
                                               ~~~~~~~~~~~~~~~^^^^^^^^^^^^^
  File "/home/stewart/Desktop/Projects/ORG2/agentflow/.venv/lib/python3.14/site-packages/django/contrib/sessions/backends/base.py", line 55, in __getitem__
    return self._session[key]
           ^^^^^^^^^^^^^
  File "/home/stewart/Desktop/Projects/ORG2/agentflow/.venv/lib/python3.14/site-packages/django/contrib/sessions/backends/base.py", line 251, in _get_session
    self._session_cache = self.load()
                          ~~~~~~~~~^^
  File "/home/stewart/Desktop/Projects/ORG2/agentflow/.venv/lib/python3.14/site-packages/django/contrib/sessions/backends/db.py", line 55, in load
    s = self._get_session_from_db()
  File "/home/stewart/Desktop/Projects/ORG2/agentflow/.venv/lib/python3.14/site-packages/django/contrib/sessions/backends/db.py", line 34, in _get_session_from_db
    return self.model.objects.get(
           ~~~~~~~~~~~~~~~~~~~~~~^
        session_key=self.session_key, expire_date__gt=timezone.now()
        ^^^^^^^^^^^^^^^^^^^^^^^^^^^^^^^^^^^^^^^^^^^^^^^^^^^^^^^^^^^^
    )
    ^
  File "/home/stewart/Desktop/Projects/ORG2/agentflow/.venv/lib/python3.14/site-packages/django/db/models/manager.py", line 87, in manager_method
    return getattr(self.get_queryset(), name)(*args, **kwargs)
           ~~~~~~~~~~~~~~~~~~~~~~~~~~~~~~~~~~^^^^^^^^^^^^^^^^^
  File "/home/stewart/Desktop/Projects/ORG2/agentflow/.venv/lib/python3.14/site-packages/django/db/models/query.py", line 635, in get
    num = len(clone)
  File "/home/stewart/Desktop/Projects/ORG2/agentflow/.venv/lib/python3.14/site-packages/django/db/models/query.py", line 372, in __len__
    self._fetch_all()
    ~~~~~~~~~~~~~~~^^
  File "/home/stewart/Desktop/Projects/ORG2/agentflow/.venv/lib/python3.14/site-packages/django/db/models/query.py", line 2000, in _fetch_all
    self._result_cache = list(self._iterable_class(self))
                         ~~~~^^^^^^^^^^^^^^^^^^^^^^^^^^^^
  File "/home/stewart/Desktop/Projects/ORG2/agentflow/.venv/lib/python3.14/site-packages/django/db/models/query.py", line 95, in __iter__
    results = compiler.execute_sql(
        chunked_fetch=self.chunked_fetch, chunk_size=self.chunk_size
    )
  File "/home/stewart/Desktop/Projects/ORG2/agentflow/.venv/lib/python3.14/site-packages/django/db/models/sql/compiler.py", line 1624, in execute_sql
    cursor.execute(sql, params)
    ~~~~~~~~~~~~~~^^^^^^^^^^^^^
  File "/home/stewart/Desktop/Projects/ORG2/agentflow/.venv/lib/python3.14/site-packages/django/db/backends/utils.py", line 122, in execute
    return super().execute(sql, params)
           ~~~~~~~~~~~~~~~^^^^^^^^^^^^^
  File "/home/stewart/Desktop/Projects/ORG2/agentflow/.venv/lib/python3.14/site-packages/django/db/backends/utils.py", line 79, in execute
    return self._execute_with_wrappers(
           ~~~~~~~~~~~~~~~~~~~~~~~~~~~^
        sql, params, many=False, executor=self._execute
        ^^^^^^^^^^^^^^^^^^^^^^^^^^^^^^^^^^^^^^^^^^^^^^^
    )
    ^
  File "/home/stewart/Desktop/Projects/ORG2/agentflow/.venv/lib/python3.14/site-packages/django/db/backends/utils.py", line 92, in _execute_with_wrappers
    return executor(sql, params, many, context)
  File "/home/stewart/Desktop/Projects/ORG2/agentflow/.venv/lib/python3.14/site-packages/django/db/backends/utils.py", line 100, in _execute
    with self.db.wrap_database_errors:
         ^^^^^^^^^^^^^^^^^^^^^^^^^^^^
  File "/home/stewart/Desktop/Projects/ORG2/agentflow/.venv/lib/python3.14/site-packages/django/db/utils.py", line 94, in __exit__
    raise dj_exc_value.with_traceback(traceback) from exc_value
  File "/home/stewart/Desktop/Projects/ORG2/agentflow/.venv/lib/python3.14/site-packages/django/db/backends/utils.py", line 105, in _execute
    return self.cursor.execute(sql, params)
           ~~~~~~~~~~~~~~~~~~~^^^^^^^^^^^^^
  File "/home/stewart/Desktop/Projects/ORG2/agentflow/.venv/lib/python3.14/site-packages/django/db/backends/sqlite3/base.py", line 359, in execute
    return super().execute(query, params)
           ~~~~~~~~~~~~~~~^^^^^^^^^^^^^^^
django.db.utils.OperationalError: database is locked
Internal Server Error: /pos-table/
Traceback (most recent call last):
  File "/home/stewart/Desktop/Projects/ORG2/agentflow/.venv/lib/python3.14/site-packages/django/contrib/sessions/backends/base.py", line 246, in _get_session
    return self._session_cache
           ^^^^^^^^^^^^^^^^^^^
AttributeError: 'SessionStore' object has no attribute '_session_cache'

During handling of the above exception, another exception occurred:

Traceback (most recent call last):
  File "/home/stewart/Desktop/Projects/ORG2/agentflow/.venv/lib/python3.14/site-packages/django/db/backends/utils.py", line 105, in _execute
    return self.cursor.execute(sql, params)
           ~~~~~~~~~~~~~~~~~~~^^^^^^^^^^^^^
  File "/home/stewart/Desktop/Projects/ORG2/agentflow/.venv/lib/python3.14/site-packages/django/db/backends/sqlite3/base.py", line 359, in execute
    return super().execute(query, params)
           ~~~~~~~~~~~~~~~^^^^^^^^^^^^^^^
sqlite3.OperationalError: database is locked

The above exception was the direct cause of the following exception:

Traceback (most recent call last):
  File "/home/stewart/Desktop/Projects/ORG2/agentflow/.venv/lib/python3.14/site-packages/django/core/handlers/exception.py", line 55, in inner
    response = get_response(request)
  File "/home/stewart/Desktop/Projects/ORG2/agentflow/.venv/lib/python3.14/site-packages/django/utils/deprecation.py", line 308, in __call__
    response = self.process_request(request)
  File "/home/stewart/Desktop/Projects/ORG2/agentflow/accounts/middleware.py", line 9, in process_request
    if request.user.is_authenticated:
       ^^^^^^^^^^^^^^^^^^^^^^^^^^^^^
  File "/home/stewart/Desktop/Projects/ORG2/agentflow/.venv/lib/python3.14/site-packages/django/utils/functional.py", line 251, in inner
    self._setup()
    ~~~~~~~~~~~^^
  File "/home/stewart/Desktop/Projects/ORG2/agentflow/.venv/lib/python3.14/site-packages/django/utils/functional.py", line 404, in _setup
    self._wrapped = self._setupfunc()
                    ~~~~~~~~~~~~~~~^^
  File "/home/stewart/Desktop/Projects/ORG2/agentflow/.venv/lib/python3.14/site-packages/django/contrib/auth/middleware.py", line 40, in <lambda>
    request.user = SimpleLazyObject(lambda: get_user(request))
                                            ~~~~~~~~^^^^^^^^^
  File "/home/stewart/Desktop/Projects/ORG2/agentflow/.venv/lib/python3.14/site-packages/django/contrib/auth/middleware.py", line 20, in get_user
    request._cached_user = auth.get_user(request)
                           ~~~~~~~~~~~~~^^^^^^^^^
  File "/home/stewart/Desktop/Projects/ORG2/agentflow/.venv/lib/python3.14/site-packages/django/contrib/auth/__init__.py", line 321, in get_user
    user_id = _get_user_session_key(request)
  File "/home/stewart/Desktop/Projects/ORG2/agentflow/.venv/lib/python3.14/site-packages/django/contrib/auth/__init__.py", line 95, in _get_user_session_key
    return get_user_model()._meta.pk.to_python(request.session[SESSION_KEY])
                                               ~~~~~~~~~~~~~~~^^^^^^^^^^^^^
  File "/home/stewart/Desktop/Projects/ORG2/agentflow/.venv/lib/python3.14/site-packages/django/contrib/sessions/backends/base.py", line 55, in __getitem__
    return self._session[key]
           ^^^^^^^^^^^^^
  File "/home/stewart/Desktop/Projects/ORG2/agentflow/.venv/lib/python3.14/site-packages/django/contrib/sessions/backends/base.py", line 251, in _get_session
    self._session_cache = self.load()
                          ~~~~~~~~~^^
  File "/home/stewart/Desktop/Projects/ORG2/agentflow/.venv/lib/python3.14/site-packages/django/contrib/sessions/backends/db.py", line 55, in load
    s = self._get_session_from_db()
  File "/home/stewart/Desktop/Projects/ORG2/agentflow/.venv/lib/python3.14/site-packages/django/contrib/sessions/backends/db.py", line 34, in _get_session_from_db
    return self.model.objects.get(
           ~~~~~~~~~~~~~~~~~~~~~~^
        session_key=self.session_key, expire_date__gt=timezone.now()
        ^^^^^^^^^^^^^^^^^^^^^^^^^^^^^^^^^^^^^^^^^^^^^^^^^^^^^^^^^^^^
    )
    ^
  File "/home/stewart/Desktop/Projects/ORG2/agentflow/.venv/lib/python3.14/site-packages/django/db/models/manager.py", line 87, in manager_method
    return getattr(self.get_queryset(), name)(*args, **kwargs)
           ~~~~~~~~~~~~~~~~~~~~~~~~~~~~~~~~~~^^^^^^^^^^^^^^^^^
  File "/home/stewart/Desktop/Projects/ORG2/agentflow/.venv/lib/python3.14/site-packages/django/db/models/query.py", line 635, in get
    num = len(clone)
  File "/home/stewart/Desktop/Projects/ORG2/agentflow/.venv/lib/python3.14/site-packages/django/db/models/query.py", line 372, in __len__
    self._fetch_all()
    ~~~~~~~~~~~~~~~^^
  File "/home/stewart/Desktop/Projects/ORG2/agentflow/.venv/lib/python3.14/site-packages/django/db/models/query.py", line 2000, in _fetch_all
    self._result_cache = list(self._iterable_class(self))
                         ~~~~^^^^^^^^^^^^^^^^^^^^^^^^^^^^
  File "/home/stewart/Desktop/Projects/ORG2/agentflow/.venv/lib/python3.14/site-packages/django/db/models/query.py", line 95, in __iter__
    results = compiler.execute_sql(
        chunked_fetch=self.chunked_fetch, chunk_size=self.chunk_size
    )
  File "/home/stewart/Desktop/Projects/ORG2/agentflow/.venv/lib/python3.14/site-packages/django/db/models/sql/compiler.py", line 1624, in execute_sql
    cursor.execute(sql, params)
    ~~~~~~~~~~~~~~^^^^^^^^^^^^^
  File "/home/stewart/Desktop/Projects/ORG2/agentflow/.venv/lib/python3.14/site-packages/django/db/backends/utils.py", line 122, in execute
    return super().execute(sql, params)
           ~~~~~~~~~~~~~~~^^^^^^^^^^^^^
  File "/home/stewart/Desktop/Projects/ORG2/agentflow/.venv/lib/python3.14/site-packages/django/db/backends/utils.py", line 79, in execute
    return self._execute_with_wrappers(
           ~~~~~~~~~~~~~~~~~~~~~~~~~~~^
        sql, params, many=False, executor=self._execute
        ^^^^^^^^^^^^^^^^^^^^^^^^^^^^^^^^^^^^^^^^^^^^^^^
    )
    ^
  File "/home/stewart/Desktop/Projects/ORG2/agentflow/.venv/lib/python3.14/site-packages/django/db/backends/utils.py", line 92, in _execute_with_wrappers
    return executor(sql, params, many, context)
  File "/home/stewart/Desktop/Projects/ORG2/agentflow/.venv/lib/python3.14/site-packages/django/db/backends/utils.py", line 100, in _execute
    with self.db.wrap_database_errors:
         ^^^^^^^^^^^^^^^^^^^^^^^^^^^^
  File "/home/stewart/Desktop/Projects/ORG2/agentflow/.venv/lib/python3.14/site-packages/django/db/utils.py", line 94, in __exit__
    raise dj_exc_value.with_traceback(traceback) from exc_value
  File "/home/stewart/Desktop/Projects/ORG2/agentflow/.venv/lib/python3.14/site-packages/django/db/backends/utils.py", line 105, in _execute
    return self.cursor.execute(sql, params)
           ~~~~~~~~~~~~~~~~~~~^^^^^^^^^^^^^
  File "/home/stewart/Desktop/Projects/ORG2/agentflow/.venv/lib/python3.14/site-packages/django/db/backends/sqlite3/base.py", line 359, in execute
    return super().execute(query, params)
           ~~~~~~~~~~~~~~~^^^^^^^^^^^^^^^
django.db.utils.OperationalError: database is locked
Internal Server Error: /proformas/
Traceback (most recent call last):
  File "/home/agentflow/myvenv/lib/python3.13/site-packages/django/template/base.py", line 964, in _resolve_lookup
    raise TypeError
TypeError

During handling of the above exception, another exception occurred:

Traceback (most recent call last):
  File "/home/agentflow/myvenv/lib/python3.13/site-packages/django/template/base.py", line 976, in _resolve_lookup
    current = getattr(current, bit)
AttributeError: 'NoneType' object has no attribute 'username'

During handling of the above exception, another exception occurred:

Traceback (most recent call last):
  File "/home/agentflow/myvenv/lib/python3.13/site-packages/django/template/base.py", line 982, in _resolve_lookup
    current = current[int(bit)]
                      ~~~^^^^^
ValueError: invalid literal for int() with base 10: 'username'

During handling of the above exception, another exception occurred:

Traceback (most recent call last):
  File "/home/agentflow/myvenv/lib/python3.13/site-packages/django/core/handlers/exception.py", line 55, in inner
    response = get_response(request)
  File "/home/agentflow/myvenv/lib/python3.13/site-packages/django/core/handlers/base.py", line 198, in _get_response
    response = wrapped_callback(request, *callback_args, **callback_kwargs)
  File "/home/agentflow/myvenv/lib/python3.13/site-packages/django/contrib/auth/decorators.py", line 59, in _view_wrapper
    return view_func(request, *args, **kwargs)
  File "/home/agentflow/agentflow/sales/views.py", line 332, in proforma_list_view
    return render(request, 'sales/proforma_list.html', context)
  File "/home/agentflow/myvenv/lib/python3.13/site-packages/django/shortcuts.py", line 25, in render
    content = loader.render_to_string(template_name, context, request, using=using)
  File "/home/agentflow/myvenv/lib/python3.13/site-packages/django/template/loader.py", line 62, in render_to_string
    return template.render(context, request)
           ~~~~~~~~~~~~~~~^^^^^^^^^^^^^^^^^^
  File "/home/agentflow/myvenv/lib/python3.13/site-packages/django/template/backends/django.py", line 107, in render
    return self.template.render(context)
           ~~~~~~~~~~~~~~~~~~~~^^^^^^^^^
  File "/home/agentflow/myvenv/lib/python3.13/site-packages/django/template/base.py", line 174, in render
    return self._render(context)
           ~~~~~~~~~~~~^^^^^^^^^
  File "/home/agentflow/myvenv/lib/python3.13/site-packages/django/template/base.py", line 166, in _render
    return self.nodelist.render(context)
           ~~~~~~~~~~~~~~~~~~~~^^^^^^^^^
  File "/home/agentflow/myvenv/lib/python3.13/site-packages/django/template/base.py", line 1091, in render
    return SafeString("".join([node.render_annotated(context) for node in self]))
                               ~~~~~~~~~~~~~~~~~~~~~^^^^^^^^^
  File "/home/agentflow/myvenv/lib/python3.13/site-packages/django/template/base.py", line 1052, in render_annotated
    return self.render(context)
           ~~~~~~~~~~~^^^^^^^^^
  File "/home/agentflow/myvenv/lib/python3.13/site-packages/django/template/loader_tags.py", line 160, in render
    return compiled_parent._render(context)
           ~~~~~~~~~~~~~~~~~~~~~~~^^^^^^^^^
  File "/home/agentflow/myvenv/lib/python3.13/site-packages/django/template/base.py", line 166, in _render
    return self.nodelist.render(context)
           ~~~~~~~~~~~~~~~~~~~~^^^^^^^^^
  File "/home/agentflow/myvenv/lib/python3.13/site-packages/django/template/base.py", line 1091, in render
    return SafeString("".join([node.render_annotated(context) for node in self]))
                               ~~~~~~~~~~~~~~~~~~~~~^^^^^^^^^
  File "/home/agentflow/myvenv/lib/python3.13/site-packages/django/template/base.py", line 1052, in render_annotated
    return self.render(context)
           ~~~~~~~~~~~^^^^^^^^^
  File "/home/agentflow/myvenv/lib/python3.13/site-packages/django/template/defaulttags.py", line 333, in render
    return nodelist.render(context)
           ~~~~~~~~~~~~~~~^^^^^^^^^
  File "/home/agentflow/myvenv/lib/python3.13/site-packages/django/template/base.py", line 1091, in render
    return SafeString("".join([node.render_annotated(context) for node in self]))
                               ~~~~~~~~~~~~~~~~~~~~~^^^^^^^^^
  File "/home/agentflow/myvenv/lib/python3.13/site-packages/django/template/base.py", line 1052, in render_annotated
    return self.render(context)
           ~~~~~~~~~~~^^^^^^^^^
  File "/home/agentflow/myvenv/lib/python3.13/site-packages/django/template/loader_tags.py", line 66, in render
    result = block.nodelist.render(context)
  File "/home/agentflow/myvenv/lib/python3.13/site-packages/django/template/base.py", line 1091, in render
    return SafeString("".join([node.render_annotated(context) for node in self]))
                               ~~~~~~~~~~~~~~~~~~~~~^^^^^^^^^
  File "/home/agentflow/myvenv/lib/python3.13/site-packages/django/template/base.py", line 1052, in render_annotated
    return self.render(context)
           ~~~~~~~~~~~^^^^^^^^^
  File "/home/agentflow/myvenv/lib/python3.13/site-packages/django/template/defaulttags.py", line 249, in render
    nodelist.append(node.render_annotated(context))
                    ~~~~~~~~~~~~~~~~~~~~~^^^^^^^^^
  File "/home/agentflow/myvenv/lib/python3.13/site-packages/django/template/base.py", line 1052, in render_annotated
    return self.render(context)
           ~~~~~~~~~~~^^^^^^^^^
  File "/home/agentflow/myvenv/lib/python3.13/site-packages/django/template/base.py", line 1150, in render
    output = self.filter_expression.resolve(context)
  File "/home/agentflow/myvenv/lib/python3.13/site-packages/django/template/base.py", line 809, in resolve
    arg_vals.append(arg.resolve(context))
                    ~~~~~~~~~~~^^^^^^^^^
  File "/home/agentflow/myvenv/lib/python3.13/site-packages/django/template/base.py", line 928, in resolve
    value = self._resolve_lookup(context)
  File "/home/agentflow/myvenv/lib/python3.13/site-packages/django/template/base.py", line 989, in _resolve_lookup
    raise VariableDoesNotExist(
    ^^^^^^^^^^^^^^^^^^^^^^^^^^^
    ...<2 lines>...
    )  # missing attribute
    ^
django.template.base.VariableDoesNotExist: Failed lookup for key [username] in None
Internal Server Error: /proformas/
Traceback (most recent call last):
  File "/home/agentflow/myvenv/lib/python3.13/site-packages/django/template/base.py", line 964, in _resolve_lookup
    raise TypeError
TypeError

During handling of the above exception, another exception occurred:

Traceback (most recent call last):
  File "/home/agentflow/myvenv/lib/python3.13/site-packages/django/template/base.py", line 976, in _resolve_lookup
    current = getattr(current, bit)
AttributeError: 'NoneType' object has no attribute 'username'

During handling of the above exception, another exception occurred:

Traceback (most recent call last):
  File "/home/agentflow/myvenv/lib/python3.13/site-packages/django/template/base.py", line 982, in _resolve_lookup
    current = current[int(bit)]
                      ~~~^^^^^
ValueError: invalid literal for int() with base 10: 'username'

During handling of the above exception, another exception occurred:

Traceback (most recent call last):
  File "/home/agentflow/myvenv/lib/python3.13/site-packages/django/core/handlers/exception.py", line 55, in inner
    response = get_response(request)
  File "/home/agentflow/myvenv/lib/python3.13/site-packages/django/core/handlers/base.py", line 198, in _get_response
    response = wrapped_callback(request, *callback_args, **callback_kwargs)
  File "/home/agentflow/myvenv/lib/python3.13/site-packages/django/contrib/auth/decorators.py", line 59, in _view_wrapper
    return view_func(request, *args, **kwargs)
  File "/home/agentflow/agentflow/sales/views.py", line 332, in proforma_list_view
    return render(request, 'sales/proforma_list.html', context)
  File "/home/agentflow/myvenv/lib/python3.13/site-packages/django/shortcuts.py", line 25, in render
    content = loader.render_to_string(template_name, context, request, using=using)
  File "/home/agentflow/myvenv/lib/python3.13/site-packages/django/template/loader.py", line 62, in render_to_string
    return template.render(context, request)
           ~~~~~~~~~~~~~~~^^^^^^^^^^^^^^^^^^
  File "/home/agentflow/myvenv/lib/python3.13/site-packages/django/template/backends/django.py", line 107, in render
    return self.template.render(context)
           ~~~~~~~~~~~~~~~~~~~~^^^^^^^^^
  File "/home/agentflow/myvenv/lib/python3.13/site-packages/django/template/base.py", line 174, in render
    return self._render(context)
           ~~~~~~~~~~~~^^^^^^^^^
  File "/home/agentflow/myvenv/lib/python3.13/site-packages/django/template/base.py", line 166, in _render
    return self.nodelist.render(context)
           ~~~~~~~~~~~~~~~~~~~~^^^^^^^^^
  File "/home/agentflow/myvenv/lib/python3.13/site-packages/django/template/base.py", line 1091, in render
    return SafeString("".join([node.render_annotated(context) for node in self]))
                               ~~~~~~~~~~~~~~~~~~~~~^^^^^^^^^
  File "/home/agentflow/myvenv/lib/python3.13/site-packages/django/template/base.py", line 1052, in render_annotated
    return self.render(context)
           ~~~~~~~~~~~^^^^^^^^^
  File "/home/agentflow/myvenv/lib/python3.13/site-packages/django/template/loader_tags.py", line 160, in render
    return compiled_parent._render(context)
           ~~~~~~~~~~~~~~~~~~~~~~~^^^^^^^^^
  File "/home/agentflow/myvenv/lib/python3.13/site-packages/django/template/base.py", line 166, in _render
    return self.nodelist.render(context)
           ~~~~~~~~~~~~~~~~~~~~^^^^^^^^^
  File "/home/agentflow/myvenv/lib/python3.13/site-packages/django/template/base.py", line 1091, in render
    return SafeString("".join([node.render_annotated(context) for node in self]))
                               ~~~~~~~~~~~~~~~~~~~~~^^^^^^^^^
  File "/home/agentflow/myvenv/lib/python3.13/site-packages/django/template/base.py", line 1052, in render_annotated
    return self.render(context)
           ~~~~~~~~~~~^^^^^^^^^
  File "/home/agentflow/myvenv/lib/python3.13/site-packages/django/template/defaulttags.py", line 333, in render
    return nodelist.render(context)
           ~~~~~~~~~~~~~~~^^^^^^^^^
  File "/home/agentflow/myvenv/lib/python3.13/site-packages/django/template/base.py", line 1091, in render
    return SafeString("".join([node.render_annotated(context) for node in self]))
                               ~~~~~~~~~~~~~~~~~~~~~^^^^^^^^^
  File "/home/agentflow/myvenv/lib/python3.13/site-packages/django/template/base.py", line 1052, in render_annotated
    return self.render(context)
           ~~~~~~~~~~~^^^^^^^^^
  File "/home/agentflow/myvenv/lib/python3.13/site-packages/django/template/loader_tags.py", line 66, in render
    result = block.nodelist.render(context)
  File "/home/agentflow/myvenv/lib/python3.13/site-packages/django/template/base.py", line 1091, in render
    return SafeString("".join([node.render_annotated(context) for node in self]))
                               ~~~~~~~~~~~~~~~~~~~~~^^^^^^^^^
  File "/home/agentflow/myvenv/lib/python3.13/site-packages/django/template/base.py", line 1052, in render_annotated
    return self.render(context)
           ~~~~~~~~~~~^^^^^^^^^
  File "/home/agentflow/myvenv/lib/python3.13/site-packages/django/template/defaulttags.py", line 249, in render
    nodelist.append(node.render_annotated(context))
                    ~~~~~~~~~~~~~~~~~~~~~^^^^^^^^^
  File "/home/agentflow/myvenv/lib/python3.13/site-packages/django/template/base.py", line 1052, in render_annotated
    return self.render(context)
           ~~~~~~~~~~~^^^^^^^^^
  File "/home/agentflow/myvenv/lib/python3.13/site-packages/django/template/base.py", line 1150, in render
    output = self.filter_expression.resolve(context)
  File "/home/agentflow/myvenv/lib/python3.13/site-packages/django/template/base.py", line 809, in resolve
    arg_vals.append(arg.resolve(context))
                    ~~~~~~~~~~~^^^^^^^^^
  File "/home/agentflow/myvenv/lib/python3.13/site-packages/django/template/base.py", line 928, in resolve
    value = self._resolve_lookup(context)
  File "/home/agentflow/myvenv/lib/python3.13/site-packages/django/template/base.py", line 989, in _resolve_lookup
    raise VariableDoesNotExist(
    ^^^^^^^^^^^^^^^^^^^^^^^^^^^
    ...<2 lines>...
    )  # missing attribute
    ^
django.template.base.VariableDoesNotExist: Failed lookup for key [username] in None
Internal Server Error: /proformas/
Traceback (most recent call last):
  File "/home/agentflow/myvenv/lib/python3.13/site-packages/django/template/base.py", line 964, in _resolve_lookup
    raise TypeError
TypeError

During handling of the above exception, another exception occurred:

Traceback (most recent call last):
  File "/home/agentflow/myvenv/lib/python3.13/site-packages/django/template/base.py", line 976, in _resolve_lookup
    current = getattr(current, bit)
AttributeError: 'NoneType' object has no attribute 'username'

During handling of the above exception, another exception occurred:

Traceback (most recent call last):
  File "/home/agentflow/myvenv/lib/python3.13/site-packages/django/template/base.py", line 982, in _resolve_lookup
    current = current[int(bit)]
                      ~~~^^^^^
ValueError: invalid literal for int() with base 10: 'username'

During handling of the above exception, another exception occurred:

Traceback (most recent call last):
  File "/home/agentflow/myvenv/lib/python3.13/site-packages/django/core/handlers/exception.py", line 55, in inner
    response = get_response(request)
  File "/home/agentflow/myvenv/lib/python3.13/site-packages/django/core/handlers/base.py", line 198, in _get_response
    response = wrapped_callback(request, *callback_args, **callback_kwargs)
  File "/home/agentflow/myvenv/lib/python3.13/site-packages/django/contrib/auth/decorators.py", line 59, in _view_wrapper
    return view_func(request, *args, **kwargs)
  File "/home/agentflow/agentflow/sales/views.py", line 332, in proforma_list_view
    return render(request, 'sales/proforma_list.html', context)
  File "/home/agentflow/myvenv/lib/python3.13/site-packages/django/shortcuts.py", line 25, in render
    content = loader.render_to_string(template_name, context, request, using=using)
  File "/home/agentflow/myvenv/lib/python3.13/site-packages/django/template/loader.py", line 62, in render_to_string
    return template.render(context, request)
           ~~~~~~~~~~~~~~~^^^^^^^^^^^^^^^^^^
  File "/home/agentflow/myvenv/lib/python3.13/site-packages/django/template/backends/django.py", line 107, in render
    return self.template.render(context)
           ~~~~~~~~~~~~~~~~~~~~^^^^^^^^^
  File "/home/agentflow/myvenv/lib/python3.13/site-packages/django/template/base.py", line 174, in render
    return self._render(context)
           ~~~~~~~~~~~~^^^^^^^^^
  File "/home/agentflow/myvenv/lib/python3.13/site-packages/django/template/base.py", line 166, in _render
    return self.nodelist.render(context)
           ~~~~~~~~~~~~~~~~~~~~^^^^^^^^^
  File "/home/agentflow/myvenv/lib/python3.13/site-packages/django/template/base.py", line 1091, in render
    return SafeString("".join([node.render_annotated(context) for node in self]))
                               ~~~~~~~~~~~~~~~~~~~~~^^^^^^^^^
  File "/home/agentflow/myvenv/lib/python3.13/site-packages/django/template/base.py", line 1052, in render_annotated
    return self.render(context)
           ~~~~~~~~~~~^^^^^^^^^
  File "/home/agentflow/myvenv/lib/python3.13/site-packages/django/template/loader_tags.py", line 160, in render
    return compiled_parent._render(context)
           ~~~~~~~~~~~~~~~~~~~~~~~^^^^^^^^^
  File "/home/agentflow/myvenv/lib/python3.13/site-packages/django/template/base.py", line 166, in _render
    return self.nodelist.render(context)
           ~~~~~~~~~~~~~~~~~~~~^^^^^^^^^
  File "/home/agentflow/myvenv/lib/python3.13/site-packages/django/template/base.py", line 1091, in render
    return SafeString("".join([node.render_annotated(context) for node in self]))
                               ~~~~~~~~~~~~~~~~~~~~~^^^^^^^^^
  File "/home/agentflow/myvenv/lib/python3.13/site-packages/django/template/base.py", line 1052, in render_annotated
    return self.render(context)
           ~~~~~~~~~~~^^^^^^^^^
  File "/home/agentflow/myvenv/lib/python3.13/site-packages/django/template/defaulttags.py", line 333, in render
    return nodelist.render(context)
           ~~~~~~~~~~~~~~~^^^^^^^^^
  File "/home/agentflow/myvenv/lib/python3.13/site-packages/django/template/base.py", line 1091, in render
    return SafeString("".join([node.render_annotated(context) for node in self]))
                               ~~~~~~~~~~~~~~~~~~~~~^^^^^^^^^
  File "/home/agentflow/myvenv/lib/python3.13/site-packages/django/template/base.py", line 1052, in render_annotated
    return self.render(context)
           ~~~~~~~~~~~^^^^^^^^^
  File "/home/agentflow/myvenv/lib/python3.13/site-packages/django/template/loader_tags.py", line 66, in render
    result = block.nodelist.render(context)
  File "/home/agentflow/myvenv/lib/python3.13/site-packages/django/template/base.py", line 1091, in render
    return SafeString("".join([node.render_annotated(context) for node in self]))
                               ~~~~~~~~~~~~~~~~~~~~~^^^^^^^^^
  File "/home/agentflow/myvenv/lib/python3.13/site-packages/django/template/base.py", line 1052, in render_annotated
    return self.render(context)
           ~~~~~~~~~~~^^^^^^^^^
  File "/home/agentflow/myvenv/lib/python3.13/site-packages/django/template/defaulttags.py", line 249, in render
    nodelist.append(node.render_annotated(context))
                    ~~~~~~~~~~~~~~~~~~~~~^^^^^^^^^
  File "/home/agentflow/myvenv/lib/python3.13/site-packages/django/template/base.py", line 1052, in render_annotated
    return self.render(context)
           ~~~~~~~~~~~^^^^^^^^^
  File "/home/agentflow/myvenv/lib/python3.13/site-packages/django/template/base.py", line 1150, in render
    output = self.filter_expression.resolve(context)
  File "/home/agentflow/myvenv/lib/python3.13/site-packages/django/template/base.py", line 809, in resolve
    arg_vals.append(arg.resolve(context))
                    ~~~~~~~~~~~^^^^^^^^^
  File "/home/agentflow/myvenv/lib/python3.13/site-packages/django/template/base.py", line 928, in resolve
    value = self._resolve_lookup(context)
  File "/home/agentflow/myvenv/lib/python3.13/site-packages/django/template/base.py", line 989, in _resolve_lookup
    raise VariableDoesNotExist(
    ^^^^^^^^^^^^^^^^^^^^^^^^^^^
    ...<2 lines>...
    )  # missing attribute
    ^
django.template.base.VariableDoesNotExist: Failed lookup for key [username] in None
Internal Server Error: /proformas/
Traceback (most recent call last):
  File "/home/agentflow/myvenv/lib/python3.13/site-packages/django/template/base.py", line 964, in _resolve_lookup
    raise TypeError
TypeError

During handling of the above exception, another exception occurred:

Traceback (most recent call last):
  File "/home/agentflow/myvenv/lib/python3.13/site-packages/django/template/base.py", line 976, in _resolve_lookup
    current = getattr(current, bit)
AttributeError: 'NoneType' object has no attribute 'username'

During handling of the above exception, another exception occurred:

Traceback (most recent call last):
  File "/home/agentflow/myvenv/lib/python3.13/site-packages/django/template/base.py", line 982, in _resolve_lookup
    current = current[int(bit)]
                      ~~~^^^^^
ValueError: invalid literal for int() with base 10: 'username'

During handling of the above exception, another exception occurred:

Traceback (most recent call last):
  File "/home/agentflow/myvenv/lib/python3.13/site-packages/django/core/handlers/exception.py", line 55, in inner
    response = get_response(request)
  File "/home/agentflow/myvenv/lib/python3.13/site-packages/django/core/handlers/base.py", line 198, in _get_response
    response = wrapped_callback(request, *callback_args, **callback_kwargs)
  File "/home/agentflow/myvenv/lib/python3.13/site-packages/django/contrib/auth/decorators.py", line 59, in _view_wrapper
    return view_func(request, *args, **kwargs)
  File "/home/agentflow/agentflow/sales/views.py", line 332, in proforma_list_view
    return render(request, 'sales/proforma_list.html', context)
  File "/home/agentflow/myvenv/lib/python3.13/site-packages/django/shortcuts.py", line 25, in render
    content = loader.render_to_string(template_name, context, request, using=using)
  File "/home/agentflow/myvenv/lib/python3.13/site-packages/django/template/loader.py", line 62, in render_to_string
    return template.render(context, request)
           ~~~~~~~~~~~~~~~^^^^^^^^^^^^^^^^^^
  File "/home/agentflow/myvenv/lib/python3.13/site-packages/django/template/backends/django.py", line 107, in render
    return self.template.render(context)
           ~~~~~~~~~~~~~~~~~~~~^^^^^^^^^
  File "/home/agentflow/myvenv/lib/python3.13/site-packages/django/template/base.py", line 174, in render
    return self._render(context)
           ~~~~~~~~~~~~^^^^^^^^^
  File "/home/agentflow/myvenv/lib/python3.13/site-packages/django/template/base.py", line 166, in _render
    return self.nodelist.render(context)
           ~~~~~~~~~~~~~~~~~~~~^^^^^^^^^
  File "/home/agentflow/myvenv/lib/python3.13/site-packages/django/template/base.py", line 1091, in render
    return SafeString("".join([node.render_annotated(context) for node in self]))
                               ~~~~~~~~~~~~~~~~~~~~~^^^^^^^^^
  File "/home/agentflow/myvenv/lib/python3.13/site-packages/django/template/base.py", line 1052, in render_annotated
    return self.render(context)
           ~~~~~~~~~~~^^^^^^^^^
  File "/home/agentflow/myvenv/lib/python3.13/site-packages/django/template/loader_tags.py", line 160, in render
    return compiled_parent._render(context)
           ~~~~~~~~~~~~~~~~~~~~~~~^^^^^^^^^
  File "/home/agentflow/myvenv/lib/python3.13/site-packages/django/template/base.py", line 166, in _render
    return self.nodelist.render(context)
           ~~~~~~~~~~~~~~~~~~~~^^^^^^^^^
  File "/home/agentflow/myvenv/lib/python3.13/site-packages/django/template/base.py", line 1091, in render
    return SafeString("".join([node.render_annotated(context) for node in self]))
                               ~~~~~~~~~~~~~~~~~~~~~^^^^^^^^^
  File "/home/agentflow/myvenv/lib/python3.13/site-packages/django/template/base.py", line 1052, in render_annotated
    return self.render(context)
           ~~~~~~~~~~~^^^^^^^^^
  File "/home/agentflow/myvenv/lib/python3.13/site-packages/django/template/defaulttags.py", line 333, in render
    return nodelist.render(context)
           ~~~~~~~~~~~~~~~^^^^^^^^^
  File "/home/agentflow/myvenv/lib/python3.13/site-packages/django/template/base.py", line 1091, in render
    return SafeString("".join([node.render_annotated(context) for node in self]))
                               ~~~~~~~~~~~~~~~~~~~~~^^^^^^^^^
  File "/home/agentflow/myvenv/lib/python3.13/site-packages/django/template/base.py", line 1052, in render_annotated
    return self.render(context)
           ~~~~~~~~~~~^^^^^^^^^
  File "/home/agentflow/myvenv/lib/python3.13/site-packages/django/template/loader_tags.py", line 66, in render
    result = block.nodelist.render(context)
  File "/home/agentflow/myvenv/lib/python3.13/site-packages/django/template/base.py", line 1091, in render
    return SafeString("".join([node.render_annotated(context) for node in self]))
                               ~~~~~~~~~~~~~~~~~~~~~^^^^^^^^^
  File "/home/agentflow/myvenv/lib/python3.13/site-packages/django/template/base.py", line 1052, in render_annotated
    return self.render(context)
           ~~~~~~~~~~~^^^^^^^^^
  File "/home/agentflow/myvenv/lib/python3.13/site-packages/django/template/defaulttags.py", line 249, in render
    nodelist.append(node.render_annotated(context))
                    ~~~~~~~~~~~~~~~~~~~~~^^^^^^^^^
  File "/home/agentflow/myvenv/lib/python3.13/site-packages/django/template/base.py", line 1052, in render_annotated
    return self.render(context)
           ~~~~~~~~~~~^^^^^^^^^
  File "/home/agentflow/myvenv/lib/python3.13/site-packages/django/template/base.py", line 1150, in render
    output = self.filter_expression.resolve(context)
  File "/home/agentflow/myvenv/lib/python3.13/site-packages/django/template/base.py", line 809, in resolve
    arg_vals.append(arg.resolve(context))
                    ~~~~~~~~~~~^^^^^^^^^
  File "/home/agentflow/myvenv/lib/python3.13/site-packages/django/template/base.py", line 928, in resolve
    value = self._resolve_lookup(context)
  File "/home/agentflow/myvenv/lib/python3.13/site-packages/django/template/base.py", line 989, in _resolve_lookup
    raise VariableDoesNotExist(
    ^^^^^^^^^^^^^^^^^^^^^^^^^^^
    ...<2 lines>...
    )  # missing attribute
    ^
django.template.base.VariableDoesNotExist: Failed lookup for key [username] in None
Internal Server Error: /proformas/
Traceback (most recent call last):
  File "/home/agentflow/myvenv/lib/python3.13/site-packages/django/template/base.py", line 964, in _resolve_lookup
    raise TypeError
TypeError

During handling of the above exception, another exception occurred:

Traceback (most recent call last):
  File "/home/agentflow/myvenv/lib/python3.13/site-packages/django/template/base.py", line 976, in _resolve_lookup
    current = getattr(current, bit)
AttributeError: 'NoneType' object has no attribute 'username'

During handling of the above exception, another exception occurred:

Traceback (most recent call last):
  File "/home/agentflow/myvenv/lib/python3.13/site-packages/django/template/base.py", line 982, in _resolve_lookup
    current = current[int(bit)]
                      ~~~^^^^^
ValueError: invalid literal for int() with base 10: 'username'

During handling of the above exception, another exception occurred:

Traceback (most recent call last):
  File "/home/agentflow/myvenv/lib/python3.13/site-packages/django/core/handlers/exception.py", line 55, in inner
    response = get_response(request)
  File "/home/agentflow/myvenv/lib/python3.13/site-packages/django/core/handlers/base.py", line 198, in _get_response
    response = wrapped_callback(request, *callback_args, **callback_kwargs)
  File "/home/agentflow/myvenv/lib/python3.13/site-packages/django/contrib/auth/decorators.py", line 59, in _view_wrapper
    return view_func(request, *args, **kwargs)
  File "/home/agentflow/agentflow/sales/views.py", line 332, in proforma_list_view
    return render(request, 'sales/proforma_list.html', context)
  File "/home/agentflow/myvenv/lib/python3.13/site-packages/django/shortcuts.py", line 25, in render
    content = loader.render_to_string(template_name, context, request, using=using)
  File "/home/agentflow/myvenv/lib/python3.13/site-packages/django/template/loader.py", line 62, in render_to_string
    return template.render(context, request)
           ~~~~~~~~~~~~~~~^^^^^^^^^^^^^^^^^^
  File "/home/agentflow/myvenv/lib/python3.13/site-packages/django/template/backends/django.py", line 107, in render
    return self.template.render(context)
           ~~~~~~~~~~~~~~~~~~~~^^^^^^^^^
  File "/home/agentflow/myvenv/lib/python3.13/site-packages/django/template/base.py", line 174, in render
    return self._render(context)
           ~~~~~~~~~~~~^^^^^^^^^
  File "/home/agentflow/myvenv/lib/python3.13/site-packages/django/template/base.py", line 166, in _render
    return self.nodelist.render(context)
           ~~~~~~~~~~~~~~~~~~~~^^^^^^^^^
  File "/home/agentflow/myvenv/lib/python3.13/site-packages/django/template/base.py", line 1091, in render
    return SafeString("".join([node.render_annotated(context) for node in self]))
                               ~~~~~~~~~~~~~~~~~~~~~^^^^^^^^^
  File "/home/agentflow/myvenv/lib/python3.13/site-packages/django/template/base.py", line 1052, in render_annotated
    return self.render(context)
           ~~~~~~~~~~~^^^^^^^^^
  File "/home/agentflow/myvenv/lib/python3.13/site-packages/django/template/loader_tags.py", line 160, in render
    return compiled_parent._render(context)
           ~~~~~~~~~~~~~~~~~~~~~~~^^^^^^^^^
  File "/home/agentflow/myvenv/lib/python3.13/site-packages/django/template/base.py", line 166, in _render
    return self.nodelist.render(context)
           ~~~~~~~~~~~~~~~~~~~~^^^^^^^^^
  File "/home/agentflow/myvenv/lib/python3.13/site-packages/django/template/base.py", line 1091, in render
    return SafeString("".join([node.render_annotated(context) for node in self]))
                               ~~~~~~~~~~~~~~~~~~~~~^^^^^^^^^
  File "/home/agentflow/myvenv/lib/python3.13/site-packages/django/template/base.py", line 1052, in render_annotated
    return self.render(context)
           ~~~~~~~~~~~^^^^^^^^^
  File "/home/agentflow/myvenv/lib/python3.13/site-packages/django/template/defaulttags.py", line 333, in render
    return nodelist.render(context)
           ~~~~~~~~~~~~~~~^^^^^^^^^
  File "/home/agentflow/myvenv/lib/python3.13/site-packages/django/template/base.py", line 1091, in render
    return SafeString("".join([node.render_annotated(context) for node in self]))
                               ~~~~~~~~~~~~~~~~~~~~~^^^^^^^^^
  File "/home/agentflow/myvenv/lib/python3.13/site-packages/django/template/base.py", line 1052, in render_annotated
    return self.render(context)
           ~~~~~~~~~~~^^^^^^^^^
  File "/home/agentflow/myvenv/lib/python3.13/site-packages/django/template/loader_tags.py", line 66, in render
    result = block.nodelist.render(context)
  File "/home/agentflow/myvenv/lib/python3.13/site-packages/django/template/base.py", line 1091, in render
    return SafeString("".join([node.render_annotated(context) for node in self]))
                               ~~~~~~~~~~~~~~~~~~~~~^^^^^^^^^
  File "/home/agentflow/myvenv/lib/python3.13/site-packages/django/template/base.py", line 1052, in render_annotated
    return self.render(context)
           ~~~~~~~~~~~^^^^^^^^^
  File "/home/agentflow/myvenv/lib/python3.13/site-packages/django/template/defaulttags.py", line 249, in render
    nodelist.append(node.render_annotated(context))
                    ~~~~~~~~~~~~~~~~~~~~~^^^^^^^^^
  File "/home/agentflow/myvenv/lib/python3.13/site-packages/django/template/base.py", line 1052, in render_annotated
    return self.render(context)
           ~~~~~~~~~~~^^^^^^^^^
  File "/home/agentflow/myvenv/lib/python3.13/site-packages/django/template/base.py", line 1150, in render
    output = self.filter_expression.resolve(context)
  File "/home/agentflow/myvenv/lib/python3.13/site-packages/django/template/base.py", line 809, in resolve
    arg_vals.append(arg.resolve(context))
                    ~~~~~~~~~~~^^^^^^^^^
  File "/home/agentflow/myvenv/lib/python3.13/site-packages/django/template/base.py", line 928, in resolve
    value = self._resolve_lookup(context)
  File "/home/agentflow/myvenv/lib/python3.13/site-packages/django/template/base.py", line 989, in _resolve_lookup
    raise VariableDoesNotExist(
    ^^^^^^^^^^^^^^^^^^^^^^^^^^^
    ...<2 lines>...
    )  # missing attribute
    ^
django.template.base.VariableDoesNotExist: Failed lookup for key [username] in None
Internal Server Error: /proformas/
Traceback (most recent call last):
  File "/home/agentflow/myvenv/lib/python3.13/site-packages/django/template/base.py", line 964, in _resolve_lookup
    raise TypeError
TypeError

During handling of the above exception, another exception occurred:

Traceback (most recent call last):
  File "/home/agentflow/myvenv/lib/python3.13/site-packages/django/template/base.py", line 976, in _resolve_lookup
    current = getattr(current, bit)
AttributeError: 'NoneType' object has no attribute 'username'

During handling of the above exception, another exception occurred:

Traceback (most recent call last):
  File "/home/agentflow/myvenv/lib/python3.13/site-packages/django/template/base.py", line 982, in _resolve_lookup
    current = current[int(bit)]
                      ~~~^^^^^
ValueError: invalid literal for int() with base 10: 'username'

During handling of the above exception, another exception occurred:

Traceback (most recent call last):
  File "/home/agentflow/myvenv/lib/python3.13/site-packages/django/core/handlers/exception.py", line 55, in inner
    response = get_response(request)
  File "/home/agentflow/myvenv/lib/python3.13/site-packages/django/core/handlers/base.py", line 198, in _get_response
    response = wrapped_callback(request, *callback_args, **callback_kwargs)
  File "/home/agentflow/myvenv/lib/python3.13/site-packages/django/contrib/auth/decorators.py", line 59, in _view_wrapper
    return view_func(request, *args, **kwargs)
  File "/home/agentflow/agentflow/sales/views.py", line 332, in proforma_list_view
    return render(request, 'sales/proforma_list.html', context)
  File "/home/agentflow/myvenv/lib/python3.13/site-packages/django/shortcuts.py", line 25, in render
    content = loader.render_to_string(template_name, context, request, using=using)
  File "/home/agentflow/myvenv/lib/python3.13/site-packages/django/template/loader.py", line 62, in render_to_string
    return template.render(context, request)
           ~~~~~~~~~~~~~~~^^^^^^^^^^^^^^^^^^
  File "/home/agentflow/myvenv/lib/python3.13/site-packages/django/template/backends/django.py", line 107, in render
    return self.template.render(context)
           ~~~~~~~~~~~~~~~~~~~~^^^^^^^^^
  File "/home/agentflow/myvenv/lib/python3.13/site-packages/django/template/base.py", line 174, in render
    return self._render(context)
           ~~~~~~~~~~~~^^^^^^^^^
  File "/home/agentflow/myvenv/lib/python3.13/site-packages/django/template/base.py", line 166, in _render
    return self.nodelist.render(context)
           ~~~~~~~~~~~~~~~~~~~~^^^^^^^^^
  File "/home/agentflow/myvenv/lib/python3.13/site-packages/django/template/base.py", line 1091, in render
    return SafeString("".join([node.render_annotated(context) for node in self]))
                               ~~~~~~~~~~~~~~~~~~~~~^^^^^^^^^
  File "/home/agentflow/myvenv/lib/python3.13/site-packages/django/template/base.py", line 1052, in render_annotated
    return self.render(context)
           ~~~~~~~~~~~^^^^^^^^^
  File "/home/agentflow/myvenv/lib/python3.13/site-packages/django/template/loader_tags.py", line 160, in render
    return compiled_parent._render(context)
           ~~~~~~~~~~~~~~~~~~~~~~~^^^^^^^^^
  File "/home/agentflow/myvenv/lib/python3.13/site-packages/django/template/base.py", line 166, in _render
    return self.nodelist.render(context)
           ~~~~~~~~~~~~~~~~~~~~^^^^^^^^^
  File "/home/agentflow/myvenv/lib/python3.13/site-packages/django/template/base.py", line 1091, in render
    return SafeString("".join([node.render_annotated(context) for node in self]))
                               ~~~~~~~~~~~~~~~~~~~~~^^^^^^^^^
  File "/home/agentflow/myvenv/lib/python3.13/site-packages/django/template/base.py", line 1052, in render_annotated
    return self.render(context)
           ~~~~~~~~~~~^^^^^^^^^
  File "/home/agentflow/myvenv/lib/python3.13/site-packages/django/template/defaulttags.py", line 333, in render
    return nodelist.render(context)
           ~~~~~~~~~~~~~~~^^^^^^^^^
  File "/home/agentflow/myvenv/lib/python3.13/site-packages/django/template/base.py", line 1091, in render
    return SafeString("".join([node.render_annotated(context) for node in self]))
                               ~~~~~~~~~~~~~~~~~~~~~^^^^^^^^^
  File "/home/agentflow/myvenv/lib/python3.13/site-packages/django/template/base.py", line 1052, in render_annotated
    return self.render(context)
           ~~~~~~~~~~~^^^^^^^^^
  File "/home/agentflow/myvenv/lib/python3.13/site-packages/django/template/loader_tags.py", line 66, in render
    result = block.nodelist.render(context)
  File "/home/agentflow/myvenv/lib/python3.13/site-packages/django/template/base.py", line 1091, in render
    return SafeString("".join([node.render_annotated(context) for node in self]))
                               ~~~~~~~~~~~~~~~~~~~~~^^^^^^^^^
  File "/home/agentflow/myvenv/lib/python3.13/site-packages/django/template/base.py", line 1052, in render_annotated
    return self.render(context)
           ~~~~~~~~~~~^^^^^^^^^
  File "/home/agentflow/myvenv/lib/python3.13/site-packages/django/template/defaulttags.py", line 249, in render
    nodelist.append(node.render_annotated(context))
                    ~~~~~~~~~~~~~~~~~~~~~^^^^^^^^^
  File "/home/agentflow/myvenv/lib/python3.13/site-packages/django/template/base.py", line 1052, in render_annotated
    return self.render(context)
           ~~~~~~~~~~~^^^^^^^^^
  File "/home/agentflow/myvenv/lib/python3.13/site-packages/django/template/base.py", line 1150, in render
    output = self.filter_expression.resolve(context)
  File "/home/agentflow/myvenv/lib/python3.13/site-packages/django/template/base.py", line 809, in resolve
    arg_vals.append(arg.resolve(context))
                    ~~~~~~~~~~~^^^^^^^^^
  File "/home/agentflow/myvenv/lib/python3.13/site-packages/django/template/base.py", line 928, in resolve
    value = self._resolve_lookup(context)
  File "/home/agentflow/myvenv/lib/python3.13/site-packages/django/template/base.py", line 989, in _resolve_lookup
    raise VariableDoesNotExist(
    ^^^^^^^^^^^^^^^^^^^^^^^^^^^
    ...<2 lines>...
    )  # missing attribute
    ^
django.template.base.VariableDoesNotExist: Failed lookup for key [username] in None
You're accessing the development server over HTTPS, but it only supports HTTP.
You're accessing the development server over HTTPS, but it only supports HTTP.
You're accessing the development server over HTTPS, but it only supports HTTP.
You're accessing the development server over HTTPS, but it only supports HTTP.
You're accessing the development server over HTTPS, but it only supports HTTP.
You're accessing the development server over HTTPS, but it only supports HTTP.
Invalid HTTP_HOST header: '127.0.0.1:8000'. You may need to add '127.0.0.1' to ALLOWED_HOSTS.
Traceback (most recent call last):
  File "/home/stewart/Desktop/new_update/agentflow/.venv/lib/python3.14/site-packages/django/core/handlers/exception.py", line 55, in inner
    response = get_response(request)
  File "/home/stewart/Desktop/new_update/agentflow/.venv/lib/python3.14/site-packages/django/utils/deprecation.py", line 308, in __call__
    response = self.process_request(request)
  File "/home/stewart/Desktop/new_update/agentflow/.venv/lib/python3.14/site-packages/django/middleware/common.py", line 48, in process_request
    host = request.get_host()
  File "/home/stewart/Desktop/new_update/agentflow/.venv/lib/python3.14/site-packages/django/http/request.py", line 206, in get_host
    raise DisallowedHost(msg)
django.core.exceptions.DisallowedHost: Invalid HTTP_HOST header: '127.0.0.1:8000'. You may need to add '127.0.0.1' to ALLOWED_HOSTS.
You're accessing the development server over HTTPS, but it only supports HTTP.
You're accessing the development server over HTTPS, but it only supports HTTP.
